-18,1,Xlf1iseBuhzVhP99bhf+qmWXUPM=,p0Nb8hfiX+kAB8qnh/DjpaI/Z6o=
-22,2,Xlf1iseBuhzVhP99bhf+qmWXUPM=,hIeIupLiWgdBmmTv3uK/LM5B6Jc=
-19,1,Xlf1iseBuhzVhP99bhf+qmWXUPM=,Ev4YUlEhVgWkm3QePvAOcRVPu0Y=
-18,2,Xlf1iseBuhzVhP99bhf+qmWXUPM=,vAVEerzZv5uzi4zPI3Ah8rI7794=
-21,1,Xlf1iseBuhzVhP99bhf+qmWXUPM=,rDQsYJR6iCIwbQgODnWM1wnsZsc=
-21,2,Xlf1iseBuhzVhP99bhf+qmWXUPM=,hIeIupLiWgdBmmTv3uK/LM5B6Jc=
-23,1,Xlf1iseBuhzVhP99bhf+qmWXUPM=,Rz3ryqe2NlSCkW2NSnBwEkaYVi8=
-20,2,Xlf1iseBuhzVhP99bhf+qmWXUPM=,Fgwe/OOa2tgWIxcgXxS2HYWYgu0=
-19,2,Xlf1iseBuhzVhP99bhf+qmWXUPM=,Fgwe/OOa2tgWIxcgXxS2HYWYgu0=
-23,2,Xlf1iseBuhzVhP99bhf+qmWXUPM=,2PwHyyHIfanvT0JHKya5kMoROy4=
-22,1,Xlf1iseBuhzVhP99bhf+qmWXUPM=,rDQsYJR6iCIwbQgODnWM1wnsZsc=
-20,1,Xlf1iseBuhzVhP99bhf+qmWXUPM=,Ev4YUlEhVgWkm3QePvAOcRVPu0Y=
-23,4,Tw2JiGhNvBJFX/xHDKc+2hcy4LM=,MUFft4zp96HXpIOkxqTnGcqXrrM=
-25,3,Tw2JiGhNvBJFX/xHDKc+2hcy4LM=,eiIqF3yZDqci58rA/D7lGA/FwuE=
-22,3,Tw2JiGhNvBJFX/xHDKc+2hcy4LM=,hIeIupLiWgdBmmTv3uK/LM5B6Jc=
-25,4,Tw2JiGhNvBJFX/xHDKc+2hcy4LM=,wOeO+M0n5//JUMTsDhvm7ckhKVA=
-23,3,Tw2JiGhNvBJFX/xHDKc+2hcy4LM=,2PwHyyHIfanvT0JHKya5kMoROy4=
-22,4,Tw2JiGhNvBJFX/xHDKc+2hcy4LM=,4jqRiFkIq/sF1YFH3nVWIkbPYOI=
-24,3,Tw2JiGhNvBJFX/xHDKc+2hcy4LM=,2PwHyyHIfanvT0JHKya5kMoROy4=
-24,4,Tw2JiGhNvBJFX/xHDKc+2hcy4LM=,MUFft4zp96HXpIOkxqTnGcqXrrM=
-24,5,Gkcq90o6lAyafqPznZljXqFAUk8=,MUFft4zp96HXpIOkxqTnGcqXrrM=
-24,7,Gkcq90o6lAyafqPznZljXqFAUk8=,QhIQUd8FEqv+Ex0yF0U2wCGYmxU=
-24,8,Gkcq90o6lAyafqPznZljXqFAUk8=,lZHETTAc35YMLSnbqVfmB3o8P60=
-24,6,Gkcq90o6lAyafqPznZljXqFAUk8=,QhIQUd8FEqv+Ex0yF0U2wCGYmxU=
-25,6,Gkcq90o6lAyafqPznZljXqFAUk8=,Mt4ZcRnrqkYh88wFwsZB9HmUUb0=
-25,7,IumrOV0fv/o7+3WO1MsvdJ6Ru3Y=,Mt4ZcRnrqkYh88wFwsZB9HmUUb0=
-25,8,IumrOV0fv/o7+3WO1MsvdJ6Ru3Y=,yON+0u8b4HaV6srXswB6NoUS1ck=
-25,5,IumrOV0fv/o7+3WO1MsvdJ6Ru3Y=,wOeO+M0n5//JUMTsDhvm7ckhKVA=
-23,5,IumrOV0fv/o7+3WO1MsvdJ6Ru3Y=,MUFft4zp96HXpIOkxqTnGcqXrrM=
-22,6,IumrOV0fv/o7+3WO1MsvdJ6Ru3Y=,963D5PGVh8OKCl/bO2Oz8Kycv8g=
-23,6,IumrOV0fv/o7+3WO1MsvdJ6Ru3Y=,QhIQUd8FEqv+Ex0yF0U2wCGYmxU=
-22,5,IumrOV0fv/o7+3WO1MsvdJ6Ru3Y=,4jqRiFkIq/sF1YFH3nVWIkbPYOI=
-27,6,sDeq57SRBta3ZrHmhbyX+j9KiBQ=,FS6creitLIPXHKK2MgMrp19Eq/s=
-26,6,sDeq57SRBta3ZrHmhbyX+j9KiBQ=,Mt4ZcRnrqkYh88wFwsZB9HmUUb0=
-26,5,sDeq57SRBta3ZrHmhbyX+j9KiBQ=,wOeO+M0n5//JUMTsDhvm7ckhKVA=
-27,5,sDeq57SRBta3ZrHmhbyX+j9KiBQ=,V48ZeIbvvm5Tmt6o3awCJerlw0g=
-28,6,sDeq57SRBta3ZrHmhbyX+j9KiBQ=,FS6creitLIPXHKK2MgMrp19Eq/s=
-29,5,sDeq57SRBta3ZrHmhbyX+j9KiBQ=,XW64jtdrjsIvFNBp7Lf/fGoZ+xw=
-29,6,sDeq57SRBta3ZrHmhbyX+j9KiBQ=,0l61vDL35ytnPd3he+31Kq7zrU0=
-28,5,U4KGmzSXRhDFPF/MWTKSkuQd+Hs=,V48ZeIbvvm5Tmt6o3awCJerlw0g=
-26,3,U4KGmzSXRhDFPF/MWTKSkuQd+Hs=,eiIqF3yZDqci58rA/D7lGA/FwuE=
-26,4,U4KGmzSXRhDFPF/MWTKSkuQd+Hs=,wOeO+M0n5//JUMTsDhvm7ckhKVA=
-27,4,U4KGmzSXRhDFPF/MWTKSkuQd+Hs=,V48ZeIbvvm5Tmt6o3awCJerlw0g=
-27,3,U4KGmzSXRhDFPF/MWTKSkuQd+Hs=,UBnys9tJgkfZRZ7bq76UILkFlmI=
-29,3,U4KGmzSXRhDFPF/MWTKSkuQd+Hs=,LBHDjtQwrOn/3RdPmnjfTE+fm04=
-28,4,U4KGmzSXRhDFPF/MWTKSkuQd+Hs=,V48ZeIbvvm5Tmt6o3awCJerlw0g=
-28,3,U4KGmzSXRhDFPF/MWTKSkuQd+Hs=,UBnys9tJgkfZRZ7bq76UILkFlmI=
-29,4,U4KGmzSXRhDFPF/MWTKSkuQd+Hs=,XW64jtdrjsIvFNBp7Lf/fGoZ+xw=
-28,2,U4KGmzSXRhDFPF/MWTKSkuQd+Hs=,UBnys9tJgkfZRZ7bq76UILkFlmI=
-28,1,U4KGmzSXRhDFPF/MWTKSkuQd+Hs=,zk8f3PtDLVBlEhm8kCCvdjKsLak=
-29,2,U4KGmzSXRhDFPF/MWTKSkuQd+Hs=,LBHDjtQwrOn/3RdPmnjfTE+fm04=
-21,3,U4KGmzSXRhDFPF/MWTKSkuQd+Hs=,hIeIupLiWgdBmmTv3uK/LM5B6Jc=
-17,2,U4KGmzSXRhDFPF/MWTKSkuQd+Hs=,vAVEerzZv5uzi4zPI3Ah8rI7794=
-17,1,U4KGmzSXRhDFPF/MWTKSkuQd+Hs=,p0Nb8hfiX+kAB8qnh/DjpaI/Z6o=
-20,3,U4KGmzSXRhDFPF/MWTKSkuQd+Hs=,Fgwe/OOa2tgWIxcgXxS2HYWYgu0=
-21,4,U4KGmzSXRhDFPF/MWTKSkuQd+Hs=,4jqRiFkIq/sF1YFH3nVWIkbPYOI=
-27,0,U4KGmzSXRhDFPF/MWTKSkuQd+Hs=,zk8f3PtDLVBlEhm8kCCvdjKsLak=
-27,2,U4KGmzSXRhDFPF/MWTKSkuQd+Hs=,UBnys9tJgkfZRZ7bq76UILkFlmI=
-26,0,U4KGmzSXRhDFPF/MWTKSkuQd+Hs=,KWCt+9nHewnLdKjNw/nh+AchEcw=
-24,0,U4KGmzSXRhDFPF/MWTKSkuQd+Hs=,Rz3ryqe2NlSCkW2NSnBwEkaYVi8=
-27,1,U4KGmzSXRhDFPF/MWTKSkuQd+Hs=,zk8f3PtDLVBlEhm8kCCvdjKsLak=
-25,0,U4KGmzSXRhDFPF/MWTKSkuQd+Hs=,KWCt+9nHewnLdKjNw/nh+AchEcw=
-26,1,U4KGmzSXRhDFPF/MWTKSkuQd+Hs=,KWCt+9nHewnLdKjNw/nh+AchEcw=
-25,1,U4KGmzSXRhDFPF/MWTKSkuQd+Hs=,KWCt+9nHewnLdKjNw/nh+AchEcw=
-24,1,U4KGmzSXRhDFPF/MWTKSkuQd+Hs=,Rz3ryqe2NlSCkW2NSnBwEkaYVi8=
-24,2,U4KGmzSXRhDFPF/MWTKSkuQd+Hs=,2PwHyyHIfanvT0JHKya5kMoROy4=
-26,2,U4KGmzSXRhDFPF/MWTKSkuQd+Hs=,eiIqF3yZDqci58rA/D7lGA/FwuE=
-25,2,U4KGmzSXRhDFPF/MWTKSkuQd+Hs=,eiIqF3yZDqci58rA/D7lGA/FwuE=
-19,3,A3n43D2qyaNcARy7C9JU/ePoTS4=,Fgwe/OOa2tgWIxcgXxS2HYWYgu0=
-18,4,A3n43D2qyaNcARy7C9JU/ePoTS4=,ZvK7U4/UVx90DUhwXNNKpUsffzQ=
-18,3,A3n43D2qyaNcARy7C9JU/ePoTS4=,vAVEerzZv5uzi4zPI3Ah8rI7794=
-23,7,OIuEpkKpOXmcD1junV/eA2CCQmY=,QhIQUd8FEqv+Ex0yF0U2wCGYmxU=
-22,7,OIuEpkKpOXmcD1junV/eA2CCQmY=,963D5PGVh8OKCl/bO2Oz8Kycv8g=
-23,8,OIuEpkKpOXmcD1junV/eA2CCQmY=,lZHETTAc35YMLSnbqVfmB3o8P60=
-17,5,OIuEpkKpOXmcD1junV/eA2CCQmY=,ZvK7U4/UVx90DUhwXNNKpUsffzQ=
-17,6,OIuEpkKpOXmcD1junV/eA2CCQmY=,JkMgiK217RDDcZEEtpT1yLL7iw0=
-17,4,OIuEpkKpOXmcD1junV/eA2CCQmY=,ZvK7U4/UVx90DUhwXNNKpUsffzQ=
-17,3,OIuEpkKpOXmcD1junV/eA2CCQmY=,vAVEerzZv5uzi4zPI3Ah8rI7794=
-23,9,OIuEpkKpOXmcD1junV/eA2CCQmY=,lZHETTAc35YMLSnbqVfmB3o8P60=
-20,9,OIuEpkKpOXmcD1junV/eA2CCQmY=,ynD89ULKnF+queFaaOoULMgYBOc=
-21,5,OIuEpkKpOXmcD1junV/eA2CCQmY=,4jqRiFkIq/sF1YFH3nVWIkbPYOI=
-18,5,OIuEpkKpOXmcD1junV/eA2CCQmY=,ZvK7U4/UVx90DUhwXNNKpUsffzQ=
-18,6,OIuEpkKpOXmcD1junV/eA2CCQmY=,JkMgiK217RDDcZEEtpT1yLL7iw0=
-20,8,OIuEpkKpOXmcD1junV/eA2CCQmY=,ynD89ULKnF+queFaaOoULMgYBOc=
-20,6,OIuEpkKpOXmcD1junV/eA2CCQmY=,4L0RbAnethoyUeBDwyri98igQ6w=
-19,6,OIuEpkKpOXmcD1junV/eA2CCQmY=,4L0RbAnethoyUeBDwyri98igQ6w=
-21,6,OIuEpkKpOXmcD1junV/eA2CCQmY=,963D5PGVh8OKCl/bO2Oz8Kycv8g=
-20,7,OIuEpkKpOXmcD1junV/eA2CCQmY=,4L0RbAnethoyUeBDwyri98igQ6w=
-21,7,OIuEpkKpOXmcD1junV/eA2CCQmY=,963D5PGVh8OKCl/bO2Oz8Kycv8g=
-19,7,tQisZH+deZ9Kf2iO//tMPVNjwpQ=,4L0RbAnethoyUeBDwyri98igQ6w=
-17,9,tQisZH+deZ9Kf2iO//tMPVNjwpQ=,lwnPi2P+XaGiJTAI+B5rgO4A1D8=
-18,8,tQisZH+deZ9Kf2iO//tMPVNjwpQ=,lwnPi2P+XaGiJTAI+B5rgO4A1D8=
-17,8,tQisZH+deZ9Kf2iO//tMPVNjwpQ=,lwnPi2P+XaGiJTAI+B5rgO4A1D8=
-18,7,7BgeSi8+mqlYlmXawWexoS29mG4=,JkMgiK217RDDcZEEtpT1yLL7iw0=
-19,9,7BgeSi8+mqlYlmXawWexoS29mG4=,ynD89ULKnF+queFaaOoULMgYBOc=
-18,9,7BgeSi8+mqlYlmXawWexoS29mG4=,lwnPi2P+XaGiJTAI+B5rgO4A1D8=
-17,7,7BgeSi8+mqlYlmXawWexoS29mG4=,JkMgiK217RDDcZEEtpT1yLL7iw0=
-19,8,7BgeSi8+mqlYlmXawWexoS29mG4=,ynD89ULKnF+queFaaOoULMgYBOc=
-27,7,7BgeSi8+mqlYlmXawWexoS29mG4=,FS6creitLIPXHKK2MgMrp19Eq/s=
-26,8,7BgeSi8+mqlYlmXawWexoS29mG4=,yON+0u8b4HaV6srXswB6NoUS1ck=
-26,7,7BgeSi8+mqlYlmXawWexoS29mG4=,Mt4ZcRnrqkYh88wFwsZB9HmUUb0=
-32,11,rqbqzM/O9YxPTTtWt7BGs+ASwBc=,nkLqdOh+xLk2/j+ySR/K1gFAU04=
-31,11,rqbqzM/O9YxPTTtWt7BGs+ASwBc=,nkLqdOh+xLk2/j+ySR/K1gFAU04=
-32,12,rqbqzM/O9YxPTTtWt7BGs+ASwBc=,A/DzJwVg1Jo8IXdgu8N8Nj5KGl4=
-30,11,rqbqzM/O9YxPTTtWt7BGs+ASwBc=,fZyPggYcsRF1sgRjjMm/2n+DaIU=
-32,9,rqbqzM/O9YxPTTtWt7BGs+ASwBc=,3fS2U4u+pgycBBYwEoX9hwGZ8Mo=
-31,12,bVjJnlFHehreX5FsapewZuVskf8=,A/DzJwVg1Jo8IXdgu8N8Nj5KGl4=
-32,10,bVjJnlFHehreX5FsapewZuVskf8=,nkLqdOh+xLk2/j+ySR/K1gFAU04=
-30,2,bVjJnlFHehreX5FsapewZuVskf8=,LBHDjtQwrOn/3RdPmnjfTE+fm04=
-30,3,bVjJnlFHehreX5FsapewZuVskf8=,LBHDjtQwrOn/3RdPmnjfTE+fm04=
-30,4,bVjJnlFHehreX5FsapewZuVskf8=,XW64jtdrjsIvFNBp7Lf/fGoZ+xw=
-30,6,bVjJnlFHehreX5FsapewZuVskf8=,0l61vDL35ytnPd3he+31Kq7zrU0=
-30,5,bVjJnlFHehreX5FsapewZuVskf8=,XW64jtdrjsIvFNBp7Lf/fGoZ+xw=
-29,7,bVjJnlFHehreX5FsapewZuVskf8=,0l61vDL35ytnPd3he+31Kq7zrU0=
-25,9,bVjJnlFHehreX5FsapewZuVskf8=,yON+0u8b4HaV6srXswB6NoUS1ck=
-30,8,bVjJnlFHehreX5FsapewZuVskf8=,M09i5J6urnPguXcy9o6YStGiez0=
-31,8,bVjJnlFHehreX5FsapewZuVskf8=,3fS2U4u+pgycBBYwEoX9hwGZ8Mo=
-28,7,bVjJnlFHehreX5FsapewZuVskf8=,FS6creitLIPXHKK2MgMrp19Eq/s=
-29,8,bVjJnlFHehreX5FsapewZuVskf8=,M09i5J6urnPguXcy9o6YStGiez0=
-30,9,bVjJnlFHehreX5FsapewZuVskf8=,M09i5J6urnPguXcy9o6YStGiez0=
-31,9,bVjJnlFHehreX5FsapewZuVskf8=,3fS2U4u+pgycBBYwEoX9hwGZ8Mo=
-29,10,bVjJnlFHehreX5FsapewZuVskf8=,fZyPggYcsRF1sgRjjMm/2n+DaIU=
-26,9,bVjJnlFHehreX5FsapewZuVskf8=,yON+0u8b4HaV6srXswB6NoUS1ck=
-24,9,bVjJnlFHehreX5FsapewZuVskf8=,lZHETTAc35YMLSnbqVfmB3o8P60=
-30,10,bVjJnlFHehreX5FsapewZuVskf8=,fZyPggYcsRF1sgRjjMm/2n+DaIU=
-31,10,bVjJnlFHehreX5FsapewZuVskf8=,nkLqdOh+xLk2/j+ySR/K1gFAU04=
-29,9,bVjJnlFHehreX5FsapewZuVskf8=,M09i5J6urnPguXcy9o6YStGiez0=
-30,7,bVjJnlFHehreX5FsapewZuVskf8=,0l61vDL35ytnPd3he+31Kq7zrU0=
-19,0,bVjJnlFHehreX5FsapewZuVskf8=,Ev4YUlEhVgWkm3QePvAOcRVPu0Y=
-18,0,bVjJnlFHehreX5FsapewZuVskf8=,p0Nb8hfiX+kAB8qnh/DjpaI/Z6o=
-17,0,bVjJnlFHehreX5FsapewZuVskf8=,p0Nb8hfiX+kAB8qnh/DjpaI/Z6o=
-23,0,bVjJnlFHehreX5FsapewZuVskf8=,Rz3ryqe2NlSCkW2NSnBwEkaYVi8=
-20,0,bVjJnlFHehreX5FsapewZuVskf8=,Ev4YUlEhVgWkm3QePvAOcRVPu0Y=
-28,0,bVjJnlFHehreX5FsapewZuVskf8=,zk8f3PtDLVBlEhm8kCCvdjKsLak=
-29,11,bVjJnlFHehreX5FsapewZuVskf8=,fZyPggYcsRF1sgRjjMm/2n+DaIU=
-22,0,bVjJnlFHehreX5FsapewZuVskf8=,rDQsYJR6iCIwbQgODnWM1wnsZsc=
-21,0,bVjJnlFHehreX5FsapewZuVskf8=,rDQsYJR6iCIwbQgODnWM1wnsZsc=
-32,8,bVjJnlFHehreX5FsapewZuVskf8=,3fS2U4u+pgycBBYwEoX9hwGZ8Mo=
-31,13,bVjJnlFHehreX5FsapewZuVskf8=,A/DzJwVg1Jo8IXdgu8N8Nj5KGl4=
-31,14,bVjJnlFHehreX5FsapewZuVskf8=,AfPM3tKN0MC8f0g9lwhXI43L7Vw=
-31,15,bVjJnlFHehreX5FsapewZuVskf8=,AfPM3tKN0MC8f0g9lwhXI43L7Vw=
-32,14,bVjJnlFHehreX5FsapewZuVskf8=,AfPM3tKN0MC8f0g9lwhXI43L7Vw=
-32,15,bVjJnlFHehreX5FsapewZuVskf8=,AfPM3tKN0MC8f0g9lwhXI43L7Vw=
-32,13,bVjJnlFHehreX5FsapewZuVskf8=,A/DzJwVg1Jo8IXdgu8N8Nj5KGl4=
-31,21,TyH98dVicl5LipgY9ZySGpODzBA=,CYGvZqawoan0/fvdMDvDwTLLaVo=
-31,22,TyH98dVicl5LipgY9ZySGpODzBA=,kEXZhRFALCYzoNSkkBM7xk/zNew=
-31,23,TyH98dVicl5LipgY9ZySGpODzBA=,kEXZhRFALCYzoNSkkBM7xk/zNew=
-32,21,TyH98dVicl5LipgY9ZySGpODzBA=,CYGvZqawoan0/fvdMDvDwTLLaVo=
-32,22,TyH98dVicl5LipgY9ZySGpODzBA=,kEXZhRFALCYzoNSkkBM7xk/zNew=
-32,23,TyH98dVicl5LipgY9ZySGpODzBA=,kEXZhRFALCYzoNSkkBM7xk/zNew=
-32,16,TyH98dVicl5LipgY9ZySGpODzBA=,y0eE0k5NjmI6mJU/3f76seSU3vQ=
-31,16,TyH98dVicl5LipgY9ZySGpODzBA=,y0eE0k5NjmI6mJU/3f76seSU3vQ=
-31,17,TyH98dVicl5LipgY9ZySGpODzBA=,y0eE0k5NjmI6mJU/3f76seSU3vQ=
-31,20,TyH98dVicl5LipgY9ZySGpODzBA=,CYGvZqawoan0/fvdMDvDwTLLaVo=
-32,17,TyH98dVicl5LipgY9ZySGpODzBA=,y0eE0k5NjmI6mJU/3f76seSU3vQ=
-32,19,TyH98dVicl5LipgY9ZySGpODzBA=,OcLWqSu5afJ/lygt8GLODfgUzuU=
-31,18,TyH98dVicl5LipgY9ZySGpODzBA=,OcLWqSu5afJ/lygt8GLODfgUzuU=
-31,19,TyH98dVicl5LipgY9ZySGpODzBA=,OcLWqSu5afJ/lygt8GLODfgUzuU=
-32,20,TyH98dVicl5LipgY9ZySGpODzBA=,CYGvZqawoan0/fvdMDvDwTLLaVo=
-32,18,TyH98dVicl5LipgY9ZySGpODzBA=,OcLWqSu5afJ/lygt8GLODfgUzuU=
-2,3,HeVYbZpBxpIFrrJL/qEaJl5YMQ0=,PIHdK3rRHiBTcc1o4XkPMSkr/+A=
-2,4,HeVYbZpBxpIFrrJL/qEaJl5YMQ0=,BWYt44YWa+yyK7sZOd3RcXJhiao=
-3,3,HeVYbZpBxpIFrrJL/qEaJl5YMQ0=,n1K5emRPlGWbztIjsC9eVK/OtaM=
-3,4,HeVYbZpBxpIFrrJL/qEaJl5YMQ0=,pbeBzpugHZBXaiGV3vhfOOGc0Rg=
-5,3,HeVYbZpBxpIFrrJL/qEaJl5YMQ0=,gFRmS7VkX+LmdDH/fxEzwDP6R+k=
-4,4,HeVYbZpBxpIFrrJL/qEaJl5YMQ0=,pbeBzpugHZBXaiGV3vhfOOGc0Rg=
-5,4,HeVYbZpBxpIFrrJL/qEaJl5YMQ0=,iLhBZdGdmW/TWkor29K/Oc21D/M=
-4,3,HeVYbZpBxpIFrrJL/qEaJl5YMQ0=,n1K5emRPlGWbztIjsC9eVK/OtaM=
-4,1,uAUPv5kmBgkhN6GOuKp3jkNBmy4=,pp+ETN+l3fW3YVVezMMmDRHxNpU=
-5,1,uAUPv5kmBgkhN6GOuKp3jkNBmy4=,JNgnqk3XO7U4Zbe2Jbj2d3Z0uI8=
-4,2,uAUPv5kmBgkhN6GOuKp3jkNBmy4=,n1K5emRPlGWbztIjsC9eVK/OtaM=
-5,2,uAUPv5kmBgkhN6GOuKp3jkNBmy4=,gFRmS7VkX+LmdDH/fxEzwDP6R+k=
-6,4,os+1ZOP1LT8WSSrj38iOUMXdGaU=,iLhBZdGdmW/TWkor29K/Oc21D/M=
-7,4,os+1ZOP1LT8WSSrj38iOUMXdGaU=,LwvlUNLDktWpDt90Bcb5r/Oemgg=
-7,3,XcWoavtl/u0zu/FH9yu9mCWio7o=,ibDIvIJ9HBG8uGSB7LVjBnSXKFc=
-6,3,XcWoavtl/u0zu/FH9yu9mCWio7o=,gFRmS7VkX+LmdDH/fxEzwDP6R+k=
-7,5,KSbyYBR9/5pVCQK1QFL9TG3F9/g=,LwvlUNLDktWpDt90Bcb5r/Oemgg=
-6,6,KSbyYBR9/5pVCQK1QFL9TG3F9/g=,AMR5WvTZBCMZNPu1lZCftGweRf4=
-7,6,KSbyYBR9/5pVCQK1QFL9TG3F9/g=,RTJKzvIlKhcAV5Rl553sSDnqp6o=
-6,5,KSbyYBR9/5pVCQK1QFL9TG3F9/g=,iLhBZdGdmW/TWkor29K/Oc21D/M=
-6,1,KSbyYBR9/5pVCQK1QFL9TG3F9/g=,JNgnqk3XO7U4Zbe2Jbj2d3Z0uI8=
-3,1,KSbyYBR9/5pVCQK1QFL9TG3F9/g=,pp+ETN+l3fW3YVVezMMmDRHxNpU=
-3,2,KSbyYBR9/5pVCQK1QFL9TG3F9/g=,n1K5emRPlGWbztIjsC9eVK/OtaM=
-7,2,KSbyYBR9/5pVCQK1QFL9TG3F9/g=,ibDIvIJ9HBG8uGSB7LVjBnSXKFc=
-6,2,KSbyYBR9/5pVCQK1QFL9TG3F9/g=,gFRmS7VkX+LmdDH/fxEzwDP6R+k=
-7,1,KSbyYBR9/5pVCQK1QFL9TG3F9/g=,kbCHSHqTdU79+/OKruMn7PRhkCM=
-2,1,KSbyYBR9/5pVCQK1QFL9TG3F9/g=,2OCIvLdvwr4QdDJl1IbH6PsabsA=
-2,2,KSbyYBR9/5pVCQK1QFL9TG3F9/g=,PIHdK3rRHiBTcc1o4XkPMSkr/+A=
-8,8,KSbyYBR9/5pVCQK1QFL9TG3F9/g=,Pc2R2n4qnt1SByWuhHdbU+1/F6U=
-9,8,KSbyYBR9/5pVCQK1QFL9TG3F9/g=,FFFczVb9l4a+Ds84eoZDzhH8MPQ=
-9,7,KSbyYBR9/5pVCQK1QFL9TG3F9/g=,+XtfqGUurNqcZybYERDqHdCgyLs=
-8,7,KSbyYBR9/5pVCQK1QFL9TG3F9/g=,RTJKzvIlKhcAV5Rl553sSDnqp6o=
-5,5,KSbyYBR9/5pVCQK1QFL9TG3F9/g=,iLhBZdGdmW/TWkor29K/Oc21D/M=
-4,5,KSbyYBR9/5pVCQK1QFL9TG3F9/g=,pbeBzpugHZBXaiGV3vhfOOGc0Rg=
-5,6,KSbyYBR9/5pVCQK1QFL9TG3F9/g=,AMR5WvTZBCMZNPu1lZCftGweRf4=
-8,10,iNeiJ4ogLtfe5XWX6WBJ/xJURlg=,rFJYuBnqUEeoWy/igQyN58ZvJyk=
-9,10,iNeiJ4ogLtfe5XWX6WBJ/xJURlg=,T7YA3arw+SoTMyOMwT34uK/uetU=
-9,9,iNeiJ4ogLtfe5XWX6WBJ/xJURlg=,FFFczVb9l4a+Ds84eoZDzhH8MPQ=
-8,9,iNeiJ4ogLtfe5XWX6WBJ/xJURlg=,Pc2R2n4qnt1SByWuhHdbU+1/F6U=
-2,5,iNeiJ4ogLtfe5XWX6WBJ/xJURlg=,BWYt44YWa+yyK7sZOd3RcXJhiao=
-3,5,iNeiJ4ogLtfe5XWX6WBJ/xJURlg=,pbeBzpugHZBXaiGV3vhfOOGc0Rg=
-2,6,iNeiJ4ogLtfe5XWX6WBJ/xJURlg=,c2lkl+MNR/ujorvhtm8S+DqqM6g=
-7,10,qLxdNAZdXJHAT7xZr+jtEfP4vtc=,rFJYuBnqUEeoWy/igQyN58ZvJyk=
-7,7,qLxdNAZdXJHAT7xZr+jtEfP4vtc=,RTJKzvIlKhcAV5Rl553sSDnqp6o=
-7,8,qLxdNAZdXJHAT7xZr+jtEfP4vtc=,Pc2R2n4qnt1SByWuhHdbU+1/F6U=
-6,8,qLxdNAZdXJHAT7xZr+jtEfP4vtc=,FJejgQQRRGq7OXSN9Bpuyymu39s=
-7,9,qLxdNAZdXJHAT7xZr+jtEfP4vtc=,Pc2R2n4qnt1SByWuhHdbU+1/F6U=
-6,7,qLxdNAZdXJHAT7xZr+jtEfP4vtc=,AMR5WvTZBCMZNPu1lZCftGweRf4=
-6,9,qLxdNAZdXJHAT7xZr+jtEfP4vtc=,FJejgQQRRGq7OXSN9Bpuyymu39s=
-5,7,qLxdNAZdXJHAT7xZr+jtEfP4vtc=,AMR5WvTZBCMZNPu1lZCftGweRf4=
-5,9,qLxdNAZdXJHAT7xZr+jtEfP4vtc=,FJejgQQRRGq7OXSN9Bpuyymu39s=
-4,8,qLxdNAZdXJHAT7xZr+jtEfP4vtc=,VmgX7y7dC38AOiHYrARIqbw8uss=
-5,8,qLxdNAZdXJHAT7xZr+jtEfP4vtc=,FJejgQQRRGq7OXSN9Bpuyymu39s=
-4,9,qLxdNAZdXJHAT7xZr+jtEfP4vtc=,VmgX7y7dC38AOiHYrARIqbw8uss=
-2,8,T/SVQUphhFfSAuKNYVJQ6Kl71e4=,jU11Hgx99MZOwM96dEtxkHHxzfA=
-3,8,T/SVQUphhFfSAuKNYVJQ6Kl71e4=,VmgX7y7dC38AOiHYrARIqbw8uss=
-2,7,T/SVQUphhFfSAuKNYVJQ6Kl71e4=,c2lkl+MNR/ujorvhtm8S+DqqM6g=
-2,9,nVW5Fml/a7nd84YmHTf1x7yRYYY=,jU11Hgx99MZOwM96dEtxkHHxzfA=
-2,10,nVW5Fml/a7nd84YmHTf1x7yRYYY=,WN6D1FN35POHmDOWhSMDzFJr3wc=
-3,9,nVW5Fml/a7nd84YmHTf1x7yRYYY=,VmgX7y7dC38AOiHYrARIqbw8uss=
-2,11,nVW5Fml/a7nd84YmHTf1x7yRYYY=,WN6D1FN35POHmDOWhSMDzFJr3wc=
-1,11,R0rfu0sHV+4z48N2iVuUr9UARC8=,WN6D1FN35POHmDOWhSMDzFJr3wc=
-3,12,R0rfu0sHV+4z48N2iVuUr9UARC8=,vuKTt0mPB3u5VWQLbQyZgPpeS2Y=
-2,12,R0rfu0sHV+4z48N2iVuUr9UARC8=,cf1V/qPM/2XrRFw9W73TfpFoHys=
-1,12,R0rfu0sHV+4z48N2iVuUr9UARC8=,cf1V/qPM/2XrRFw9W73TfpFoHys=
-2,0,R0rfu0sHV+4z48N2iVuUr9UARC8=,2OCIvLdvwr4QdDJl1IbH6PsabsA=
-3,0,R0rfu0sHV+4z48N2iVuUr9UARC8=,pp+ETN+l3fW3YVVezMMmDRHxNpU=
-6,0,R0rfu0sHV+4z48N2iVuUr9UARC8=,JNgnqk3XO7U4Zbe2Jbj2d3Z0uI8=
-5,0,R0rfu0sHV+4z48N2iVuUr9UARC8=,JNgnqk3XO7U4Zbe2Jbj2d3Z0uI8=
-7,0,R0rfu0sHV+4z48N2iVuUr9UARC8=,kbCHSHqTdU79+/OKruMn7PRhkCM=
-4,0,R0rfu0sHV+4z48N2iVuUr9UARC8=,pp+ETN+l3fW3YVVezMMmDRHxNpU=
-8,6,R0rfu0sHV+4z48N2iVuUr9UARC8=,RTJKzvIlKhcAV5Rl553sSDnqp6o=
-8,5,R0rfu0sHV+4z48N2iVuUr9UARC8=,LwvlUNLDktWpDt90Bcb5r/Oemgg=
-9,6,R0rfu0sHV+4z48N2iVuUr9UARC8=,+XtfqGUurNqcZybYERDqHdCgyLs=
-9,5,R0rfu0sHV+4z48N2iVuUr9UARC8=,wyOZN6HlhkiopSV6Pe2nsGm6yZc=
-2,13,8UFuCtr/nbpCprdzAp2VTtAfU5g=,cf1V/qPM/2XrRFw9W73TfpFoHys=
-1,13,8UFuCtr/nbpCprdzAp2VTtAfU5g=,cf1V/qPM/2XrRFw9W73TfpFoHys=
-3,15,8UFuCtr/nbpCprdzAp2VTtAfU5g=,uw36udBN6P9UkALKFlTSEr1uIQY=
-3,14,8UFuCtr/nbpCprdzAp2VTtAfU5g=,uw36udBN6P9UkALKFlTSEr1uIQY=
-2,15,8UFuCtr/nbpCprdzAp2VTtAfU5g=,blkwaZwmZfAxh/l0Rtns1d/zgRU=
-3,13,8UFuCtr/nbpCprdzAp2VTtAfU5g=,vuKTt0mPB3u5VWQLbQyZgPpeS2Y=
-1,15,8UFuCtr/nbpCprdzAp2VTtAfU5g=,blkwaZwmZfAxh/l0Rtns1d/zgRU=
-2,14,8UFuCtr/nbpCprdzAp2VTtAfU5g=,blkwaZwmZfAxh/l0Rtns1d/zgRU=
-1,14,8UFuCtr/nbpCprdzAp2VTtAfU5g=,blkwaZwmZfAxh/l0Rtns1d/zgRU=
-8,4,8UFuCtr/nbpCprdzAp2VTtAfU5g=,LwvlUNLDktWpDt90Bcb5r/Oemgg=
-9,4,8UFuCtr/nbpCprdzAp2VTtAfU5g=,wyOZN6HlhkiopSV6Pe2nsGm6yZc=
-8,3,8UFuCtr/nbpCprdzAp2VTtAfU5g=,ibDIvIJ9HBG8uGSB7LVjBnSXKFc=
-9,3,8UFuCtr/nbpCprdzAp2VTtAfU5g=,wkHVbuOYBANQZPxY+AD74vyPTv4=
-10,3,8UFuCtr/nbpCprdzAp2VTtAfU5g=,wkHVbuOYBANQZPxY+AD74vyPTv4=
-11,3,8UFuCtr/nbpCprdzAp2VTtAfU5g=,cW4D/LhvAv3W35QcmJrGmunRcwg=
-10,4,8UFuCtr/nbpCprdzAp2VTtAfU5g=,wyOZN6HlhkiopSV6Pe2nsGm6yZc=
-10,5,Jx50lzVpsYBrQAo7BwexC4Eac34=,wyOZN6HlhkiopSV6Pe2nsGm6yZc=
-10,6,Jx50lzVpsYBrQAo7BwexC4Eac34=,+XtfqGUurNqcZybYERDqHdCgyLs=
-10,8,Jx50lzVpsYBrQAo7BwexC4Eac34=,FFFczVb9l4a+Ds84eoZDzhH8MPQ=
-10,7,Jx50lzVpsYBrQAo7BwexC4Eac34=,+XtfqGUurNqcZybYERDqHdCgyLs=
-10,9,Jx50lzVpsYBrQAo7BwexC4Eac34=,FFFczVb9l4a+Ds84eoZDzhH8MPQ=
-10,10,Jx50lzVpsYBrQAo7BwexC4Eac34=,T7YA3arw+SoTMyOMwT34uK/uetU=
-1,6,Jx50lzVpsYBrQAo7BwexC4Eac34=,c2lkl+MNR/ujorvhtm8S+DqqM6g=
-1,5,Jx50lzVpsYBrQAo7BwexC4Eac34=,BWYt44YWa+yyK7sZOd3RcXJhiao=
-15,1,Jx50lzVpsYBrQAo7BwexC4Eac34=,Wdg4oR5Smdrn2PwATOos64o6f+0=
-16,0,Jx50lzVpsYBrQAo7BwexC4Eac34=,Wdg4oR5Smdrn2PwATOos64o6f+0=
-16,1,Jx50lzVpsYBrQAo7BwexC4Eac34=,Wdg4oR5Smdrn2PwATOos64o6f+0=
-15,0,Jx50lzVpsYBrQAo7BwexC4Eac34=,Wdg4oR5Smdrn2PwATOos64o6f+0=
-14,0,Jx50lzVpsYBrQAo7BwexC4Eac34=,a8gkKKiXmhS19LJXVSbPMtPn9LU=
-14,1,Jx50lzVpsYBrQAo7BwexC4Eac34=,a8gkKKiXmhS19LJXVSbPMtPn9LU=
-1,9,Jx50lzVpsYBrQAo7BwexC4Eac34=,jU11Hgx99MZOwM96dEtxkHHxzfA=
-1,10,Jx50lzVpsYBrQAo7BwexC4Eac34=,WN6D1FN35POHmDOWhSMDzFJr3wc=
-1,8,Jx50lzVpsYBrQAo7BwexC4Eac34=,jU11Hgx99MZOwM96dEtxkHHxzfA=
-1,7,Jx50lzVpsYBrQAo7BwexC4Eac34=,c2lkl+MNR/ujorvhtm8S+DqqM6g=
-10,12,Jx50lzVpsYBrQAo7BwexC4Eac34=,Zz2VA/v79fWNekd1z7G0KESUMvg=
-10,14,Jx50lzVpsYBrQAo7BwexC4Eac34=,yeGExNoFX/QWWyhcinLsnpNK++c=
-9,12,Jx50lzVpsYBrQAo7BwexC4Eac34=,Zz2VA/v79fWNekd1z7G0KESUMvg=
-10,13,Jx50lzVpsYBrQAo7BwexC4Eac34=,Zz2VA/v79fWNekd1z7G0KESUMvg=
-9,13,Jx50lzVpsYBrQAo7BwexC4Eac34=,Zz2VA/v79fWNekd1z7G0KESUMvg=
-8,11,Jx50lzVpsYBrQAo7BwexC4Eac34=,rFJYuBnqUEeoWy/igQyN58ZvJyk=
-9,14,Jx50lzVpsYBrQAo7BwexC4Eac34=,yeGExNoFX/QWWyhcinLsnpNK++c=
-10,11,Jx50lzVpsYBrQAo7BwexC4Eac34=,T7YA3arw+SoTMyOMwT34uK/uetU=
-9,11,2rkCZxalI0jN7d0j52UlZMz1E2I=,T7YA3arw+SoTMyOMwT34uK/uetU=
-9,15,2rkCZxalI0jN7d0j52UlZMz1E2I=,yeGExNoFX/QWWyhcinLsnpNK++c=
-16,9,2rkCZxalI0jN7d0j52UlZMz1E2I=,+q/Ka84GcNgnIJoClIjnKSJW/A8=
-16,8,2rkCZxalI0jN7d0j52UlZMz1E2I=,+q/Ka84GcNgnIJoClIjnKSJW/A8=
-15,8,2rkCZxalI0jN7d0j52UlZMz1E2I=,+q/Ka84GcNgnIJoClIjnKSJW/A8=
-15,9,2rkCZxalI0jN7d0j52UlZMz1E2I=,+q/Ka84GcNgnIJoClIjnKSJW/A8=
-1,4,2rkCZxalI0jN7d0j52UlZMz1E2I=,BWYt44YWa+yyK7sZOd3RcXJhiao=
-1,3,2rkCZxalI0jN7d0j52UlZMz1E2I=,PIHdK3rRHiBTcc1o4XkPMSkr/+A=
-4,12,2rkCZxalI0jN7d0j52UlZMz1E2I=,vuKTt0mPB3u5VWQLbQyZgPpeS2Y=
-4,13,2rkCZxalI0jN7d0j52UlZMz1E2I=,vuKTt0mPB3u5VWQLbQyZgPpeS2Y=
-7,11,2rkCZxalI0jN7d0j52UlZMz1E2I=,rFJYuBnqUEeoWy/igQyN58ZvJyk=
-4,14,2rkCZxalI0jN7d0j52UlZMz1E2I=,uw36udBN6P9UkALKFlTSEr1uIQY=
-10,15,2rkCZxalI0jN7d0j52UlZMz1E2I=,yeGExNoFX/QWWyhcinLsnpNK++c=
-4,15,2rkCZxalI0jN7d0j52UlZMz1E2I=,uw36udBN6P9UkALKFlTSEr1uIQY=
-12,3,2rkCZxalI0jN7d0j52UlZMz1E2I=,cW4D/LhvAv3W35QcmJrGmunRcwg=
-1,2,2rkCZxalI0jN7d0j52UlZMz1E2I=,PIHdK3rRHiBTcc1o4XkPMSkr/+A=
-1,1,2rkCZxalI0jN7d0j52UlZMz1E2I=,2OCIvLdvwr4QdDJl1IbH6PsabsA=
-1,0,2rkCZxalI0jN7d0j52UlZMz1E2I=,2OCIvLdvwr4QdDJl1IbH6PsabsA=
-8,0,2rkCZxalI0jN7d0j52UlZMz1E2I=,kbCHSHqTdU79+/OKruMn7PRhkCM=
-8,2,2rkCZxalI0jN7d0j52UlZMz1E2I=,ibDIvIJ9HBG8uGSB7LVjBnSXKFc=
-9,0,2rkCZxalI0jN7d0j52UlZMz1E2I=,EhSgxqbcvvR1ZRAPlJrK1z0eI8s=
-10,0,2rkCZxalI0jN7d0j52UlZMz1E2I=,EhSgxqbcvvR1ZRAPlJrK1z0eI8s=
-12,1,2rkCZxalI0jN7d0j52UlZMz1E2I=,1iWfkAa2XPEI07HMFYV+/WktZeI=
-9,1,2rkCZxalI0jN7d0j52UlZMz1E2I=,EhSgxqbcvvR1ZRAPlJrK1z0eI8s=
-10,2,2rkCZxalI0jN7d0j52UlZMz1E2I=,wkHVbuOYBANQZPxY+AD74vyPTv4=
-9,2,2rkCZxalI0jN7d0j52UlZMz1E2I=,wkHVbuOYBANQZPxY+AD74vyPTv4=
-12,0,2rkCZxalI0jN7d0j52UlZMz1E2I=,1iWfkAa2XPEI07HMFYV+/WktZeI=
-8,1,2rkCZxalI0jN7d0j52UlZMz1E2I=,kbCHSHqTdU79+/OKruMn7PRhkCM=
-10,1,2rkCZxalI0jN7d0j52UlZMz1E2I=,EhSgxqbcvvR1ZRAPlJrK1z0eI8s=
-13,0,2rkCZxalI0jN7d0j52UlZMz1E2I=,a8gkKKiXmhS19LJXVSbPMtPn9LU=
-13,1,2rkCZxalI0jN7d0j52UlZMz1E2I=,a8gkKKiXmhS19LJXVSbPMtPn9LU=
-11,2,2rkCZxalI0jN7d0j52UlZMz1E2I=,cW4D/LhvAv3W35QcmJrGmunRcwg=
-11,0,2rkCZxalI0jN7d0j52UlZMz1E2I=,1iWfkAa2XPEI07HMFYV+/WktZeI=
-12,2,2rkCZxalI0jN7d0j52UlZMz1E2I=,cW4D/LhvAv3W35QcmJrGmunRcwg=
-11,1,2rkCZxalI0jN7d0j52UlZMz1E2I=,1iWfkAa2XPEI07HMFYV+/WktZeI=
-9,20,BAAs8Gvyl1ASCac2TxwNkK15OMo=,cljZFvXTOqjH1Aby9mcLfJ3TpBI=
-8,19,BAAs8Gvyl1ASCac2TxwNkK15OMo=,IM6H9yLlDJnbSg4kx7egOQ5zKaU=
-8,20,BAAs8Gvyl1ASCac2TxwNkK15OMo=,QBFsxMzSvXQxw6mFvUne5s1Ok8U=
-10,21,BAAs8Gvyl1ASCac2TxwNkK15OMo=,cljZFvXTOqjH1Aby9mcLfJ3TpBI=
-8,21,BAAs8Gvyl1ASCac2TxwNkK15OMo=,QBFsxMzSvXQxw6mFvUne5s1Ok8U=
-9,21,BAAs8Gvyl1ASCac2TxwNkK15OMo=,cljZFvXTOqjH1Aby9mcLfJ3TpBI=
-11,21,BAAs8Gvyl1ASCac2TxwNkK15OMo=,VTMJRpT5O4WurMYnbRdf+xwzcWc=
-10,22,BAAs8Gvyl1ASCac2TxwNkK15OMo=,AXRCznqTS8DytIacBPPAvgTw7Lw=
-9,22,BAAs8Gvyl1ASCac2TxwNkK15OMo=,AXRCznqTS8DytIacBPPAvgTw7Lw=
-9,23,BAAs8Gvyl1ASCac2TxwNkK15OMo=,AXRCznqTS8DytIacBPPAvgTw7Lw=
-9,24,BAAs8Gvyl1ASCac2TxwNkK15OMo=,mQwKMyjtG1LSZSCPO0YHHk7YOE0=
-9,26,BAAs8Gvyl1ASCac2TxwNkK15OMo=,L2xxe0s1Cfc4A48lubD0T/GhExg=
-8,26,BAAs8Gvyl1ASCac2TxwNkK15OMo=,8AV/YKNX3nn+bqdFDVHoUstGAUk=
-8,25,BAAs8Gvyl1ASCac2TxwNkK15OMo=,qDlManEcXC1NtMeZ4efylBaLCo8=
-9,25,BAAs8Gvyl1ASCac2TxwNkK15OMo=,mQwKMyjtG1LSZSCPO0YHHk7YOE0=
-8,24,BAAs8Gvyl1ASCac2TxwNkK15OMo=,qDlManEcXC1NtMeZ4efylBaLCo8=
-9,27,BAAs8Gvyl1ASCac2TxwNkK15OMo=,L2xxe0s1Cfc4A48lubD0T/GhExg=
-8,28,BAAs8Gvyl1ASCac2TxwNkK15OMo=,oBMisSM/hyonuWM96SLK4b9Dxew=
-9,28,BAAs8Gvyl1ASCac2TxwNkK15OMo=,yAUhH+RUPXd6BdA/FaT+ryJt+/A=
-8,27,BAAs8Gvyl1ASCac2TxwNkK15OMo=,8AV/YKNX3nn+bqdFDVHoUstGAUk=
-9,30,BAAs8Gvyl1ASCac2TxwNkK15OMo=,0Ii0Uth9Yez98eTbDBFor9G5HdI=
-8,30,BAAs8Gvyl1ASCac2TxwNkK15OMo=,2Tq84PBe2vvPydWm8dzEgkXcmfU=
-8,29,BAAs8Gvyl1ASCac2TxwNkK15OMo=,oBMisSM/hyonuWM96SLK4b9Dxew=
-9,29,BAAs8Gvyl1ASCac2TxwNkK15OMo=,yAUhH+RUPXd6BdA/FaT+ryJt+/A=
-7,30,62j+4df8bXupaC8Os/6obPip1CM=,2Tq84PBe2vvPydWm8dzEgkXcmfU=
-7,31,62j+4df8bXupaC8Os/6obPip1CM=,2Tq84PBe2vvPydWm8dzEgkXcmfU=
-7,29,62j+4df8bXupaC8Os/6obPip1CM=,oBMisSM/hyonuWM96SLK4b9Dxew=
-5,30,62j+4df8bXupaC8Os/6obPip1CM=,RA7W8H1uMsfMEKZLgr7Aoj5UxVY=
-4,30,62j+4df8bXupaC8Os/6obPip1CM=,R4y4/AepTPYxkA7Kjz8Rpu3K3/M=
-6,31,62j+4df8bXupaC8Os/6obPip1CM=,RA7W8H1uMsfMEKZLgr7Aoj5UxVY=
-6,30,62j+4df8bXupaC8Os/6obPip1CM=,RA7W8H1uMsfMEKZLgr7Aoj5UxVY=
-6,24,pWdZWtqNczKDSXFWXViqQK50XHA=,jaeoT4kmejMdc4yNAJgD4a9WWoM=
-7,24,pWdZWtqNczKDSXFWXViqQK50XHA=,qDlManEcXC1NtMeZ4efylBaLCo8=
-6,23,pWdZWtqNczKDSXFWXViqQK50XHA=,CbTYNvRs+i/9xut5A6ygCVXAL+w=
-2,22,JshL4lq0A4wG1UPCXbG971adMqo=,t0aNoVJo3/wPFMhr4O/hFaLgxJ0=
-3,21,JshL4lq0A4wG1UPCXbG971adMqo=,5xKKmYhP3lvvsH9yZfPWibfhlqg=
-3,22,JshL4lq0A4wG1UPCXbG971adMqo=,eo8FmuqbKpNlyuTacOMlylvFLj0=
-2,21,JshL4lq0A4wG1UPCXbG971adMqo=,LebIIubCVOQ54rmkUPYxD9o67+E=
-2,26,JshL4lq0A4wG1UPCXbG971adMqo=,hfhLh1N7GXMDeUk6T5oMKnN35D0=
-4,24,JshL4lq0A4wG1UPCXbG971adMqo=,AVDhM8ruqsbpnsq9AfrbxalfQdc=
-3,24,JshL4lq0A4wG1UPCXbG971adMqo=,AVDhM8ruqsbpnsq9AfrbxalfQdc=
-2,24,JshL4lq0A4wG1UPCXbG971adMqo=,QVszitLmPDmfHNj958PIDVOn7LY=
-5,23,JshL4lq0A4wG1UPCXbG971adMqo=,CbTYNvRs+i/9xut5A6ygCVXAL+w=
-2,25,JshL4lq0A4wG1UPCXbG971adMqo=,QVszitLmPDmfHNj958PIDVOn7LY=
-3,26,JshL4lq0A4wG1UPCXbG971adMqo=,DpsTx8bp5NEht4e4jReQq0Yr6mQ=
-5,24,JshL4lq0A4wG1UPCXbG971adMqo=,jaeoT4kmejMdc4yNAJgD4a9WWoM=
-2,23,JshL4lq0A4wG1UPCXbG971adMqo=,t0aNoVJo3/wPFMhr4O/hFaLgxJ0=
-4,23,JshL4lq0A4wG1UPCXbG971adMqo=,eo8FmuqbKpNlyuTacOMlylvFLj0=
-3,23,JshL4lq0A4wG1UPCXbG971adMqo=,eo8FmuqbKpNlyuTacOMlylvFLj0=
-3,25,JshL4lq0A4wG1UPCXbG971adMqo=,AVDhM8ruqsbpnsq9AfrbxalfQdc=
-4,18,JshL4lq0A4wG1UPCXbG971adMqo=,Wtpp2cmMhEbK66Ppub88C0U2GnA=
-4,17,JshL4lq0A4wG1UPCXbG971adMqo=,fk1U0/djKfva3kTK8wHzSewtFd4=
-4,20,JshL4lq0A4wG1UPCXbG971adMqo=,5xKKmYhP3lvvsH9yZfPWibfhlqg=
-4,21,JshL4lq0A4wG1UPCXbG971adMqo=,5xKKmYhP3lvvsH9yZfPWibfhlqg=
-6,22,JshL4lq0A4wG1UPCXbG971adMqo=,CbTYNvRs+i/9xut5A6ygCVXAL+w=
-7,20,JshL4lq0A4wG1UPCXbG971adMqo=,QBFsxMzSvXQxw6mFvUne5s1Ok8U=
-5,22,JshL4lq0A4wG1UPCXbG971adMqo=,CbTYNvRs+i/9xut5A6ygCVXAL+w=
-7,21,JshL4lq0A4wG1UPCXbG971adMqo=,QBFsxMzSvXQxw6mFvUne5s1Ok8U=
-4,19,JshL4lq0A4wG1UPCXbG971adMqo=,Wtpp2cmMhEbK66Ppub88C0U2GnA=
-7,19,JshL4lq0A4wG1UPCXbG971adMqo=,IM6H9yLlDJnbSg4kx7egOQ5zKaU=
-1,22,JshL4lq0A4wG1UPCXbG971adMqo=,t0aNoVJo3/wPFMhr4O/hFaLgxJ0=
-4,22,JshL4lq0A4wG1UPCXbG971adMqo=,eo8FmuqbKpNlyuTacOMlylvFLj0=
-1,21,JshL4lq0A4wG1UPCXbG971adMqo=,LebIIubCVOQ54rmkUPYxD9o67+E=
-1,24,JshL4lq0A4wG1UPCXbG971adMqo=,QVszitLmPDmfHNj958PIDVOn7LY=
-1,23,JshL4lq0A4wG1UPCXbG971adMqo=,t0aNoVJo3/wPFMhr4O/hFaLgxJ0=
-10,27,JshL4lq0A4wG1UPCXbG971adMqo=,L2xxe0s1Cfc4A48lubD0T/GhExg=
-10,25,JshL4lq0A4wG1UPCXbG971adMqo=,mQwKMyjtG1LSZSCPO0YHHk7YOE0=
-10,28,JshL4lq0A4wG1UPCXbG971adMqo=,yAUhH+RUPXd6BdA/FaT+ryJt+/A=
-10,26,fGLYnHnbYaNk9My7H+PL+dXKqOM=,L2xxe0s1Cfc4A48lubD0T/GhExg=
-3,20,fGLYnHnbYaNk9My7H+PL+dXKqOM=,5xKKmYhP3lvvsH9yZfPWibfhlqg=
-10,24,fGLYnHnbYaNk9My7H+PL+dXKqOM=,mQwKMyjtG1LSZSCPO0YHHk7YOE0=
-10,23,fGLYnHnbYaNk9My7H+PL+dXKqOM=,AXRCznqTS8DytIacBPPAvgTw7Lw=
-2,20,fGLYnHnbYaNk9My7H+PL+dXKqOM=,LebIIubCVOQ54rmkUPYxD9o67+E=
-1,26,fGLYnHnbYaNk9My7H+PL+dXKqOM=,hfhLh1N7GXMDeUk6T5oMKnN35D0=
-1,25,fGLYnHnbYaNk9My7H+PL+dXKqOM=,QVszitLmPDmfHNj958PIDVOn7LY=
-1,20,fGLYnHnbYaNk9My7H+PL+dXKqOM=,LebIIubCVOQ54rmkUPYxD9o67+E=
-3,19,fGLYnHnbYaNk9My7H+PL+dXKqOM=,Wtpp2cmMhEbK66Ppub88C0U2GnA=
-2,19,fGLYnHnbYaNk9My7H+PL+dXKqOM=,AO0YihTKHKpA4R0rd2X4nJ65pUM=
-1,19,fGLYnHnbYaNk9My7H+PL+dXKqOM=,AO0YihTKHKpA4R0rd2X4nJ65pUM=
-11,19,fGLYnHnbYaNk9My7H+PL+dXKqOM=,9XkVsBM7FEJDk/+64pd6BngIz+M=
-11,20,fGLYnHnbYaNk9My7H+PL+dXKqOM=,VTMJRpT5O4WurMYnbRdf+xwzcWc=
-10,20,fGLYnHnbYaNk9My7H+PL+dXKqOM=,cljZFvXTOqjH1Aby9mcLfJ3TpBI=
-12,17,fGLYnHnbYaNk9My7H+PL+dXKqOM=,lrYzJcjjCCJUJRH/yCGJqpzXbtI=
-12,18,fGLYnHnbYaNk9My7H+PL+dXKqOM=,9XkVsBM7FEJDk/+64pd6BngIz+M=
-10,17,fGLYnHnbYaNk9My7H+PL+dXKqOM=,I7PmpgmrNkSwkmlHKOU2okPQshE=
-11,18,fGLYnHnbYaNk9My7H+PL+dXKqOM=,9XkVsBM7FEJDk/+64pd6BngIz+M=
-11,17,fGLYnHnbYaNk9My7H+PL+dXKqOM=,lrYzJcjjCCJUJRH/yCGJqpzXbtI=
-1,27,fGLYnHnbYaNk9My7H+PL+dXKqOM=,hfhLh1N7GXMDeUk6T5oMKnN35D0=
-2,27,fGLYnHnbYaNk9My7H+PL+dXKqOM=,hfhLh1N7GXMDeUk6T5oMKnN35D0=
-3,27,fGLYnHnbYaNk9My7H+PL+dXKqOM=,DpsTx8bp5NEht4e4jReQq0Yr6mQ=
-9,17,fGLYnHnbYaNk9My7H+PL+dXKqOM=,I7PmpgmrNkSwkmlHKOU2okPQshE=
-8,18,fGLYnHnbYaNk9My7H+PL+dXKqOM=,IM6H9yLlDJnbSg4kx7egOQ5zKaU=
-7,18,fGLYnHnbYaNk9My7H+PL+dXKqOM=,IM6H9yLlDJnbSg4kx7egOQ5zKaU=
-9,16,fGLYnHnbYaNk9My7H+PL+dXKqOM=,I7PmpgmrNkSwkmlHKOU2okPQshE=
-8,31,fGLYnHnbYaNk9My7H+PL+dXKqOM=,2Tq84PBe2vvPydWm8dzEgkXcmfU=
-9,31,fGLYnHnbYaNk9My7H+PL+dXKqOM=,0Ii0Uth9Yez98eTbDBFor9G5HdI=
-12,16,fGLYnHnbYaNk9My7H+PL+dXKqOM=,lrYzJcjjCCJUJRH/yCGJqpzXbtI=
-10,16,fGLYnHnbYaNk9My7H+PL+dXKqOM=,I7PmpgmrNkSwkmlHKOU2okPQshE=
-11,16,fGLYnHnbYaNk9My7H+PL+dXKqOM=,lrYzJcjjCCJUJRH/yCGJqpzXbtI=
-10,30,fGLYnHnbYaNk9My7H+PL+dXKqOM=,0Ii0Uth9Yez98eTbDBFor9G5HdI=
-10,29,fGLYnHnbYaNk9My7H+PL+dXKqOM=,yAUhH+RUPXd6BdA/FaT+ryJt+/A=
-3,30,fGLYnHnbYaNk9My7H+PL+dXKqOM=,R4y4/AepTPYxkA7Kjz8Rpu3K3/M=
-10,31,fGLYnHnbYaNk9My7H+PL+dXKqOM=,0Ii0Uth9Yez98eTbDBFor9G5HdI=
-4,31,fGLYnHnbYaNk9My7H+PL+dXKqOM=,R4y4/AepTPYxkA7Kjz8Rpu3K3/M=
-4,16,fGLYnHnbYaNk9My7H+PL+dXKqOM=,fk1U0/djKfva3kTK8wHzSewtFd4=
-5,31,fGLYnHnbYaNk9My7H+PL+dXKqOM=,RA7W8H1uMsfMEKZLgr7Aoj5UxVY=
-3,31,fGLYnHnbYaNk9My7H+PL+dXKqOM=,R4y4/AepTPYxkA7Kjz8Rpu3K3/M=
-12,19,fGLYnHnbYaNk9My7H+PL+dXKqOM=,9XkVsBM7FEJDk/+64pd6BngIz+M=
-12,20,fGLYnHnbYaNk9My7H+PL+dXKqOM=,VTMJRpT5O4WurMYnbRdf+xwzcWc=
-12,21,fGLYnHnbYaNk9My7H+PL+dXKqOM=,VTMJRpT5O4WurMYnbRdf+xwzcWc=
-6,26,fGLYnHnbYaNk9My7H+PL+dXKqOM=,CN8tDEbzP7Lq8Rhu24lCPxp85yg=
-4,26,fGLYnHnbYaNk9My7H+PL+dXKqOM=,DpsTx8bp5NEht4e4jReQq0Yr6mQ=
-5,27,fGLYnHnbYaNk9My7H+PL+dXKqOM=,CN8tDEbzP7Lq8Rhu24lCPxp85yg=
-6,25,fGLYnHnbYaNk9My7H+PL+dXKqOM=,jaeoT4kmejMdc4yNAJgD4a9WWoM=
-7,25,fGLYnHnbYaNk9My7H+PL+dXKqOM=,qDlManEcXC1NtMeZ4efylBaLCo8=
-5,26,fGLYnHnbYaNk9My7H+PL+dXKqOM=,CN8tDEbzP7Lq8Rhu24lCPxp85yg=
-4,25,YE+m0HwBgne4vgvq4WC6azTqd7c=,AVDhM8ruqsbpnsq9AfrbxalfQdc=
-7,27,YE+m0HwBgne4vgvq4WC6azTqd7c=,8AV/YKNX3nn+bqdFDVHoUstGAUk=
-6,27,YE+m0HwBgne4vgvq4WC6azTqd7c=,CN8tDEbzP7Lq8Rhu24lCPxp85yg=
-7,28,YE+m0HwBgne4vgvq4WC6azTqd7c=,oBMisSM/hyonuWM96SLK4b9Dxew=
-7,26,YE+m0HwBgne4vgvq4WC6azTqd7c=,8AV/YKNX3nn+bqdFDVHoUstGAUk=
-4,27,YE+m0HwBgne4vgvq4WC6azTqd7c=,DpsTx8bp5NEht4e4jReQq0Yr6mQ=
-5,25,YE+m0HwBgne4vgvq4WC6azTqd7c=,jaeoT4kmejMdc4yNAJgD4a9WWoM=
-3,17,YE+m0HwBgne4vgvq4WC6azTqd7c=,fk1U0/djKfva3kTK8wHzSewtFd4=
-2,18,YE+m0HwBgne4vgvq4WC6azTqd7c=,AO0YihTKHKpA4R0rd2X4nJ65pUM=
-1,18,YE+m0HwBgne4vgvq4WC6azTqd7c=,AO0YihTKHKpA4R0rd2X4nJ65pUM=
-1,17,YE+m0HwBgne4vgvq4WC6azTqd7c=,OXX0IsoO+McXl10ponMW5TYInx0=
-2,16,YE+m0HwBgne4vgvq4WC6azTqd7c=,OXX0IsoO+McXl10ponMW5TYInx0=
-3,18,YE+m0HwBgne4vgvq4WC6azTqd7c=,Wtpp2cmMhEbK66Ppub88C0U2GnA=
-1,16,YE+m0HwBgne4vgvq4WC6azTqd7c=,OXX0IsoO+McXl10ponMW5TYInx0=
-3,16,YE+m0HwBgne4vgvq4WC6azTqd7c=,fk1U0/djKfva3kTK8wHzSewtFd4=
-2,17,YE+m0HwBgne4vgvq4WC6azTqd7c=,OXX0IsoO+McXl10ponMW5TYInx0=
