-12,-8,wMwx20HXmKmHaWLdmYfteSagWuU=,4q0CRQm0+EHLyCm+CZds55ASb4o=
-13,-8,wMwx20HXmKmHaWLdmYfteSagWuU=,FDvF5QMq9luoL2jfYDN/geUAxHE=
-13,-9,wMwx20HXmKmHaWLdmYfteSagWuU=,Vc/F0iF8i35r4/DlfWhvMddve1M=
-12,-9,wMwx20HXmKmHaWLdmYfteSagWuU=,Yt80sB9xhQvqlt/g+7YJQgm24k8=
-10,-10,9aj4nG9V8SSQICJfv4bEn94PMmQ=,fb38pRlwN7auT/qdK5HxU+2YVh0=
-10,-11,9aj4nG9V8SSQICJfv4bEn94PMmQ=,Dl/Lo3F694/pOkPDlFl5Hde44xM=
-11,-10,9aj4nG9V8SSQICJfv4bEn94PMmQ=,Yt80sB9xhQvqlt/g+7YJQgm24k8=
-11,-11,9aj4nG9V8SSQICJfv4bEn94PMmQ=,u2i/CbtVg5UB37Wgbxjthn0xWY4=
-13,-10,nMiNMqNJBa1JX735yhTrWjJrjd8=,Vc/F0iF8i35r4/DlfWhvMddve1M=
-12,-11,nMiNMqNJBa1JX735yhTrWjJrjd8=,u2i/CbtVg5UB37Wgbxjthn0xWY4=
-13,-11,nMiNMqNJBa1JX735yhTrWjJrjd8=,sb+VIcG0pDzaKoKNFPSH0X2ZHWc=
-12,-10,nMiNMqNJBa1JX735yhTrWjJrjd8=,Yt80sB9xhQvqlt/g+7YJQgm24k8=
-11,-9,nMiNMqNJBa1JX735yhTrWjJrjd8=,Yt80sB9xhQvqlt/g+7YJQgm24k8=
-11,-8,nMiNMqNJBa1JX735yhTrWjJrjd8=,4q0CRQm0+EHLyCm+CZds55ASb4o=
-10,-8,nMiNMqNJBa1JX735yhTrWjJrjd8=,vtpQM7iUzsx8VJc1asMNZ4ykjg8=
-10,-9,nMiNMqNJBa1JX735yhTrWjJrjd8=,fb38pRlwN7auT/qdK5HxU+2YVh0=
-15,-12,d6PrZ+9Go+jWi3ofCzro0WeD77A=,a/1sw686UTIGQDmYCjc9++42kzM=
-15,-13,d6PrZ+9Go+jWi3ofCzro0WeD77A=,rsim1dz0cjYjD305DqjzARCRUTY=
-14,-13,d6PrZ+9Go+jWi3ofCzro0WeD77A=,RsPiQkUZWVYQ4y5TYnw+9BJu1lA=
-14,-12,d6PrZ+9Go+jWi3ofCzro0WeD77A=,sb+VIcG0pDzaKoKNFPSH0X2ZHWc=
-8,-5,pS0SZQJuLOQ4p5dGlvrWFV7Z/RE=,ktMVZGWwkdyLhGMDFGkLOPemOzU=
-8,-4,pS0SZQJuLOQ4p5dGlvrWFV7Z/RE=,AE0KJWUQ8p1O/FDwmVrcBiEELNU=
-9,-4,pS0SZQJuLOQ4p5dGlvrWFV7Z/RE=,KjFrDrfpBFsCCSVoZz1m+tty6dQ=
-9,-5,pS0SZQJuLOQ4p5dGlvrWFV7Z/RE=,RPhgA17EPYIym2+AKobYfhZlul4=
-12,-3,CHrwk6ygHuyU85IfQiqlGC5QBbg=,I22DiI6Ugnbqxq7cfFmVA2d7P4A=
-12,-2,CHrwk6ygHuyU85IfQiqlGC5QBbg=,U2zKjTGQll+cSNBEoLjtCGZOHkg=
-13,-2,CHrwk6ygHuyU85IfQiqlGC5QBbg=,eBBbE6cfnM5DKSoCNohlWRV1XAI=
-13,-3,CHrwk6ygHuyU85IfQiqlGC5QBbg=,G3AsE70rVXEOHVJSs3iv89rB9Xw=
-11,-3,0nSbVGMSeFSSmr/LC1QcaDQjsFk=,I22DiI6Ugnbqxq7cfFmVA2d7P4A=
-11,-2,0nSbVGMSeFSSmr/LC1QcaDQjsFk=,U2zKjTGQll+cSNBEoLjtCGZOHkg=
-10,-2,0nSbVGMSeFSSmr/LC1QcaDQjsFk=,nHGUWEWMhxVaRKoVHg0+FfymAf8=
-10,-3,0nSbVGMSeFSSmr/LC1QcaDQjsFk=,KjFrDrfpBFsCCSVoZz1m+tty6dQ=
-8,-3,WgxsxJ7WBXJ1aZzoXCd9S/7KEgo=,AE0KJWUQ8p1O/FDwmVrcBiEELNU=
-8,-2,WgxsxJ7WBXJ1aZzoXCd9S/7KEgo=,2XhbhPGZdhDh9OuELSH/e9lKFUY=
-9,-2,WgxsxJ7WBXJ1aZzoXCd9S/7KEgo=,nHGUWEWMhxVaRKoVHg0+FfymAf8=
-9,-3,WgxsxJ7WBXJ1aZzoXCd9S/7KEgo=,KjFrDrfpBFsCCSVoZz1m+tty6dQ=
-12,-4,Jn8CHULx2ZnWuuI6bzPUb9bcAsw=,I22DiI6Ugnbqxq7cfFmVA2d7P4A=
-12,-7,Jn8CHULx2ZnWuuI6bzPUb9bcAsw=,4q0CRQm0+EHLyCm+CZds55ASb4o=
-11,-4,Jn8CHULx2ZnWuuI6bzPUb9bcAsw=,I22DiI6Ugnbqxq7cfFmVA2d7P4A=
-12,-6,Jn8CHULx2ZnWuuI6bzPUb9bcAsw=,5hAGanPOJOddyl9V7FVc91M+x0Y=
-12,-5,Jn8CHULx2ZnWuuI6bzPUb9bcAsw=,5hAGanPOJOddyl9V7FVc91M+x0Y=
-11,-7,Jn8CHULx2ZnWuuI6bzPUb9bcAsw=,4q0CRQm0+EHLyCm+CZds55ASb4o=
-11,-6,Jn8CHULx2ZnWuuI6bzPUb9bcAsw=,5hAGanPOJOddyl9V7FVc91M+x0Y=
-13,-6,Jn8CHULx2ZnWuuI6bzPUb9bcAsw=,EUGBbIWnTMgpzVatgPU16ecwOf0=
-10,-7,Jn8CHULx2ZnWuuI6bzPUb9bcAsw=,vtpQM7iUzsx8VJc1asMNZ4ykjg8=
-13,-5,Jn8CHULx2ZnWuuI6bzPUb9bcAsw=,EUGBbIWnTMgpzVatgPU16ecwOf0=
-11,-5,Jn8CHULx2ZnWuuI6bzPUb9bcAsw=,5hAGanPOJOddyl9V7FVc91M+x0Y=
-13,-7,Jn8CHULx2ZnWuuI6bzPUb9bcAsw=,FDvF5QMq9luoL2jfYDN/geUAxHE=
-13,-4,Jn8CHULx2ZnWuuI6bzPUb9bcAsw=,G3AsE70rVXEOHVJSs3iv89rB9Xw=
-10,-4,Jn8CHULx2ZnWuuI6bzPUb9bcAsw=,KjFrDrfpBFsCCSVoZz1m+tty6dQ=
-10,-6,Jn8CHULx2ZnWuuI6bzPUb9bcAsw=,RPhgA17EPYIym2+AKobYfhZlul4=
-10,-5,Jn8CHULx2ZnWuuI6bzPUb9bcAsw=,RPhgA17EPYIym2+AKobYfhZlul4=
-15,-2,mHdC5fi1DZ5wRjvIFPQm8zxUvNo=,4WQEs9sf+lG9FssFmWV5VoTgaj0=
-15,-3,mHdC5fi1DZ5wRjvIFPQm8zxUvNo=,JmkS6vfs3mByP4T3VOAPuct+4Go=
-14,-2,mHdC5fi1DZ5wRjvIFPQm8zxUvNo=,eBBbE6cfnM5DKSoCNohlWRV1XAI=
-14,-3,mHdC5fi1DZ5wRjvIFPQm8zxUvNo=,G3AsE70rVXEOHVJSs3iv89rB9Xw=
-15,-4,mHdC5fi1DZ5wRjvIFPQm8zxUvNo=,JmkS6vfs3mByP4T3VOAPuct+4Go=
-15,-5,mHdC5fi1DZ5wRjvIFPQm8zxUvNo=,NvB2PuTsqqByeCrh1Fbjam7ZLSc=
-14,-5,VPv1vQ/Buh9Nd9qkKxnnX5bRdf8=,EUGBbIWnTMgpzVatgPU16ecwOf0=
-16,-12,VPv1vQ/Buh9Nd9qkKxnnX5bRdf8=,a/1sw686UTIGQDmYCjc9++42kzM=
-16,-13,VPv1vQ/Buh9Nd9qkKxnnX5bRdf8=,rsim1dz0cjYjD305DqjzARCRUTY=
-14,-4,VPv1vQ/Buh9Nd9qkKxnnX5bRdf8=,G3AsE70rVXEOHVJSs3iv89rB9Xw=
-15,-6,HYK9HWztGRCV7vyCErrIga80WE0=,NvB2PuTsqqByeCrh1Fbjam7ZLSc=
-16,-6,HYK9HWztGRCV7vyCErrIga80WE0=,NvB2PuTsqqByeCrh1Fbjam7ZLSc=
-15,-7,HYK9HWztGRCV7vyCErrIga80WE0=,40rYEkxdc4XFwsQObrLy2t4QWgc=
-16,-7,HYK9HWztGRCV7vyCErrIga80WE0=,40rYEkxdc4XFwsQObrLy2t4QWgc=
-14,-6,HYK9HWztGRCV7vyCErrIga80WE0=,EUGBbIWnTMgpzVatgPU16ecwOf0=
-14,-7,HYK9HWztGRCV7vyCErrIga80WE0=,FDvF5QMq9luoL2jfYDN/geUAxHE=
-15,-14,cs9OE4cYAOpMa5nF7OwezlJn2QQ=,rsim1dz0cjYjD305DqjzARCRUTY=
-16,-14,cs9OE4cYAOpMa5nF7OwezlJn2QQ=,rsim1dz0cjYjD305DqjzARCRUTY=
-14,-16,cs9OE4cYAOpMa5nF7OwezlJn2QQ=,UHg/vasJy7Nu2Ro16rel6VLtkdM=
-14,-14,cs9OE4cYAOpMa5nF7OwezlJn2QQ=,RsPiQkUZWVYQ4y5TYnw+9BJu1lA=
-14,-15,cs9OE4cYAOpMa5nF7OwezlJn2QQ=,UHg/vasJy7Nu2Ro16rel6VLtkdM=
-16,-16,cs9OE4cYAOpMa5nF7OwezlJn2QQ=,6B19Slz1DH+UkL7JOgLvN6Ohdic=
-15,-16,yu8BhQJp9pYDkLDBumeiFwe7iC0=,6B19Slz1DH+UkL7JOgLvN6Ohdic=
-16,-15,yu8BhQJp9pYDkLDBumeiFwe7iC0=,6B19Slz1DH+UkL7JOgLvN6Ohdic=
-15,-15,yu8BhQJp9pYDkLDBumeiFwe7iC0=,6B19Slz1DH+UkL7JOgLvN6Ohdic=
-8,-7,yu8BhQJp9pYDkLDBumeiFwe7iC0=,djKdqrj99wpPurfT24jeXPzg1as=
-8,-6,yu8BhQJp9pYDkLDBumeiFwe7iC0=,ktMVZGWwkdyLhGMDFGkLOPemOzU=
-8,-8,yu8BhQJp9pYDkLDBumeiFwe7iC0=,djKdqrj99wpPurfT24jeXPzg1as=
-8,-9,yu8BhQJp9pYDkLDBumeiFwe7iC0=,ZQcuKS1ml/BjQ9bUuO0UfxAB7EQ=
-9,-8,yu8BhQJp9pYDkLDBumeiFwe7iC0=,vtpQM7iUzsx8VJc1asMNZ4ykjg8=
-9,-7,yu8BhQJp9pYDkLDBumeiFwe7iC0=,vtpQM7iUzsx8VJc1asMNZ4ykjg8=
-9,-9,yu8BhQJp9pYDkLDBumeiFwe7iC0=,fb38pRlwN7auT/qdK5HxU+2YVh0=
-9,-6,yu8BhQJp9pYDkLDBumeiFwe7iC0=,RPhgA17EPYIym2+AKobYfhZlul4=
-15,-8,hGove6lIhvCOnbx6pc0OTUYX1D8=,40rYEkxdc4XFwsQObrLy2t4QWgc=
-16,-8,hGove6lIhvCOnbx6pc0OTUYX1D8=,40rYEkxdc4XFwsQObrLy2t4QWgc=
-15,-9,hGove6lIhvCOnbx6pc0OTUYX1D8=,EoBUlKxhrlBpH5RBwUwRUZSowHI=
-16,-9,hGove6lIhvCOnbx6pc0OTUYX1D8=,EoBUlKxhrlBpH5RBwUwRUZSowHI=
-15,-10,hGove6lIhvCOnbx6pc0OTUYX1D8=,EoBUlKxhrlBpH5RBwUwRUZSowHI=
-16,-10,hGove6lIhvCOnbx6pc0OTUYX1D8=,EoBUlKxhrlBpH5RBwUwRUZSowHI=
-15,-11,hGove6lIhvCOnbx6pc0OTUYX1D8=,a/1sw686UTIGQDmYCjc9++42kzM=
-16,-11,hGove6lIhvCOnbx6pc0OTUYX1D8=,a/1sw686UTIGQDmYCjc9++42kzM=
-14,-8,hGove6lIhvCOnbx6pc0OTUYX1D8=,FDvF5QMq9luoL2jfYDN/geUAxHE=
-14,-10,hGove6lIhvCOnbx6pc0OTUYX1D8=,Vc/F0iF8i35r4/DlfWhvMddve1M=
-14,-9,hGove6lIhvCOnbx6pc0OTUYX1D8=,Vc/F0iF8i35r4/DlfWhvMddve1M=
-14,-11,QdsaitPVq5A+8ro+WSrNuZRz6G4=,sb+VIcG0pDzaKoKNFPSH0X2ZHWc=
-6,-7,r7amn+NNUp1LveGSD8DsItUEq8g=,7z0OenQg3StZJFp3oRwBCWne7IU=
-6,-6,r7amn+NNUp1LveGSD8DsItUEq8g=,AgIP42PQKPqyscp0Uf8xTGxj/T8=
-7,-6,r7amn+NNUp1LveGSD8DsItUEq8g=,ktMVZGWwkdyLhGMDFGkLOPemOzU=
-7,-7,ohmnnGevNuJ3uvm5FYWVtY7XGHk=,djKdqrj99wpPurfT24jeXPzg1as=
-5,-6,90fYeRm0s7PQ7vhGgO2Mc566tAU=,AgIP42PQKPqyscp0Uf8xTGxj/T8=
-4,-6,90fYeRm0s7PQ7vhGgO2Mc566tAU=,t20zgThRNmjwU1+qlxIec9LmQAE=
-5,-7,90fYeRm0s7PQ7vhGgO2Mc566tAU=,7z0OenQg3StZJFp3oRwBCWne7IU=
-4,-7,90fYeRm0s7PQ7vhGgO2Mc566tAU=,W3phtaPnNSnjkqHLrZ8G1TTh//A=
-6,-5,KtFIQKjP3y91e/amSiOiZZ/7jjQ=,AgIP42PQKPqyscp0Uf8xTGxj/T8=
-6,-4,Ayjj8T9NxFwnv2er6N+74qzSbnQ=,J3D2AMP9IEcnNaEHaz9FzBOrPOw=
-7,-5,Ayjj8T9NxFwnv2er6N+74qzSbnQ=,ktMVZGWwkdyLhGMDFGkLOPemOzU=
-7,-4,Ayjj8T9NxFwnv2er6N+74qzSbnQ=,AE0KJWUQ8p1O/FDwmVrcBiEELNU=
-5,-4,D+7KU3ZWNdJtsv+fOdhTdxyJ6cg=,J3D2AMP9IEcnNaEHaz9FzBOrPOw=
-5,-5,D+7KU3ZWNdJtsv+fOdhTdxyJ6cg=,AgIP42PQKPqyscp0Uf8xTGxj/T8=
-4,-5,1+DAv0rghDLoABLVI3trl3VPa1s=,t20zgThRNmjwU1+qlxIec9LmQAE=
-4,-4,1+DAv0rghDLoABLVI3trl3VPa1s=,G4aOra42eLDGfkqzacThRqhhfI4=
-3,-9,REBbe2qjs9lZnWN4qoB4LYzH+BY=,/N3qdgW1hubLDf4PWGgBnM134JU=
-2,-8,REBbe2qjs9lZnWN4qoB4LYzH+BY=,NCEd5G4MSc2d4ZA0POBx7TeFjd0=
-3,-8,REBbe2qjs9lZnWN4qoB4LYzH+BY=,W3phtaPnNSnjkqHLrZ8G1TTh//A=
-2,-9,REBbe2qjs9lZnWN4qoB4LYzH+BY=,DyZEEHZNEI0nDKLYMmwFSZfAPUY=
-3,-4,koyIxDKXhoO7H90B1v5wbUY3F3g=,G4aOra42eLDGfkqzacThRqhhfI4=
-2,-7,koyIxDKXhoO7H90B1v5wbUY3F3g=,NCEd5G4MSc2d4ZA0POBx7TeFjd0=
-3,-5,koyIxDKXhoO7H90B1v5wbUY3F3g=,t20zgThRNmjwU1+qlxIec9LmQAE=
-3,-7,koyIxDKXhoO7H90B1v5wbUY3F3g=,W3phtaPnNSnjkqHLrZ8G1TTh//A=
-2,-2,koyIxDKXhoO7H90B1v5wbUY3F3g=,b115erYrPaSrzy77x6ZDLaelv3I=
-2,-4,koyIxDKXhoO7H90B1v5wbUY3F3g=,ji0uQfLKbhJnvUSaNsBO1wEyt6M=
-2,-6,koyIxDKXhoO7H90B1v5wbUY3F3g=,ODD4CeCFVww1sk0LnBRawtOVQQ8=
-2,-5,koyIxDKXhoO7H90B1v5wbUY3F3g=,ODD4CeCFVww1sk0LnBRawtOVQQ8=
-3,-3,koyIxDKXhoO7H90B1v5wbUY3F3g=,G4aOra42eLDGfkqzacThRqhhfI4=
-3,-6,koyIxDKXhoO7H90B1v5wbUY3F3g=,t20zgThRNmjwU1+qlxIec9LmQAE=
-2,-3,koyIxDKXhoO7H90B1v5wbUY3F3g=,ji0uQfLKbhJnvUSaNsBO1wEyt6M=
-1,-6,koyIxDKXhoO7H90B1v5wbUY3F3g=,ODD4CeCFVww1sk0LnBRawtOVQQ8=
-3,-2,koyIxDKXhoO7H90B1v5wbUY3F3g=,/cl1moIZ1u48ZyrINABnMxZSiMc=
-1,-7,koyIxDKXhoO7H90B1v5wbUY3F3g=,NCEd5G4MSc2d4ZA0POBx7TeFjd0=
-1,-4,koyIxDKXhoO7H90B1v5wbUY3F3g=,ji0uQfLKbhJnvUSaNsBO1wEyt6M=
-1,-5,Zg9+qAGT7AbmzLRDy8MIKb/Y3+w=,ODD4CeCFVww1sk0LnBRawtOVQQ8=
-15,-1,Zg9+qAGT7AbmzLRDy8MIKb/Y3+w=,4WQEs9sf+lG9FssFmWV5VoTgaj0=
-14,-1,Zg9+qAGT7AbmzLRDy8MIKb/Y3+w=,eBBbE6cfnM5DKSoCNohlWRV1XAI=
-11,-1,Zg9+qAGT7AbmzLRDy8MIKb/Y3+w=,U2zKjTGQll+cSNBEoLjtCGZOHkg=
-12,-1,Zg9+qAGT7AbmzLRDy8MIKb/Y3+w=,U2zKjTGQll+cSNBEoLjtCGZOHkg=
-13,-1,Zg9+qAGT7AbmzLRDy8MIKb/Y3+w=,eBBbE6cfnM5DKSoCNohlWRV1XAI=
-8,-1,Zg9+qAGT7AbmzLRDy8MIKb/Y3+w=,2XhbhPGZdhDh9OuELSH/e9lKFUY=
-10,-1,Zg9+qAGT7AbmzLRDy8MIKb/Y3+w=,nHGUWEWMhxVaRKoVHg0+FfymAf8=
-9,-1,Zg9+qAGT7AbmzLRDy8MIKb/Y3+w=,nHGUWEWMhxVaRKoVHg0+FfymAf8=
-2,-1,Zg9+qAGT7AbmzLRDy8MIKb/Y3+w=,b115erYrPaSrzy77x6ZDLaelv3I=
-1,-2,Zg9+qAGT7AbmzLRDy8MIKb/Y3+w=,b115erYrPaSrzy77x6ZDLaelv3I=
-3,-1,Zg9+qAGT7AbmzLRDy8MIKb/Y3+w=,/cl1moIZ1u48ZyrINABnMxZSiMc=
-1,-3,Zg9+qAGT7AbmzLRDy8MIKb/Y3+w=,ji0uQfLKbhJnvUSaNsBO1wEyt6M=
-1,-1,Zg9+qAGT7AbmzLRDy8MIKb/Y3+w=,b115erYrPaSrzy77x6ZDLaelv3I=
-9,-15,BPE82ndFbPn2WPkf06CVo2XpQ8Y=,NbJoN7F1rFERWq2iLNEa9Bhx6+4=
-8,-10,BPE82ndFbPn2WPkf06CVo2XpQ8Y=,ZQcuKS1ml/BjQ9bUuO0UfxAB7EQ=
-9,-11,BPE82ndFbPn2WPkf06CVo2XpQ8Y=,Dl/Lo3F694/pOkPDlFl5Hde44xM=
-9,-10,BPE82ndFbPn2WPkf06CVo2XpQ8Y=,fb38pRlwN7auT/qdK5HxU+2YVh0=
-9,-12,BPE82ndFbPn2WPkf06CVo2XpQ8Y=,Dl/Lo3F694/pOkPDlFl5Hde44xM=
-12,-13,jbh9QClI6FwXXgHQvqMVHQ6vi3s=,t+T7OQwZy77iIw7zfSwlIADcKNQ=
-11,-13,jbh9QClI6FwXXgHQvqMVHQ6vi3s=,t+T7OQwZy77iIw7zfSwlIADcKNQ=
-12,-12,jbh9QClI6FwXXgHQvqMVHQ6vi3s=,u2i/CbtVg5UB37Wgbxjthn0xWY4=
-13,-13,iTqHvTlGqiwPhYhIryWt2yT5yNY=,RsPiQkUZWVYQ4y5TYnw+9BJu1lA=
-13,-12,iTqHvTlGqiwPhYhIryWt2yT5yNY=,sb+VIcG0pDzaKoKNFPSH0X2ZHWc=
-11,-12,iTqHvTlGqiwPhYhIryWt2yT5yNY=,u2i/CbtVg5UB37Wgbxjthn0xWY4=
-10,-12,iTqHvTlGqiwPhYhIryWt2yT5yNY=,Dl/Lo3F694/pOkPDlFl5Hde44xM=
-1,-8,EmWehQYQYGpBwqat2aehiPbS+tA=,NCEd5G4MSc2d4ZA0POBx7TeFjd0=
-1,-9,heFt1+LaAPr3K0UbR5iKVrRnKUA=,DyZEEHZNEI0nDKLYMmwFSZfAPUY=
-9,-16,heFt1+LaAPr3K0UbR5iKVrRnKUA=,NbJoN7F1rFERWq2iLNEa9Bhx6+4=
-12,-16,heFt1+LaAPr3K0UbR5iKVrRnKUA=,jY32Kp9KHTN1riPl2S+FroBlW+E=
-12,-15,heFt1+LaAPr3K0UbR5iKVrRnKUA=,jY32Kp9KHTN1riPl2S+FroBlW+E=
-11,-16,heFt1+LaAPr3K0UbR5iKVrRnKUA=,jY32Kp9KHTN1riPl2S+FroBlW+E=
-11,-15,heFt1+LaAPr3K0UbR5iKVrRnKUA=,jY32Kp9KHTN1riPl2S+FroBlW+E=
-12,-14,heFt1+LaAPr3K0UbR5iKVrRnKUA=,t+T7OQwZy77iIw7zfSwlIADcKNQ=
-11,-14,heFt1+LaAPr3K0UbR5iKVrRnKUA=,t+T7OQwZy77iIw7zfSwlIADcKNQ=
-13,-16,heFt1+LaAPr3K0UbR5iKVrRnKUA=,UHg/vasJy7Nu2Ro16rel6VLtkdM=
-13,-14,heFt1+LaAPr3K0UbR5iKVrRnKUA=,RsPiQkUZWVYQ4y5TYnw+9BJu1lA=
-13,-15,heFt1+LaAPr3K0UbR5iKVrRnKUA=,UHg/vasJy7Nu2Ro16rel6VLtkdM=
-10,-16,heFt1+LaAPr3K0UbR5iKVrRnKUA=,NbJoN7F1rFERWq2iLNEa9Bhx6+4=
-10,-15,heFt1+LaAPr3K0UbR5iKVrRnKUA=,NbJoN7F1rFERWq2iLNEa9Bhx6+4=
-6,-15,qynTNAtCr6Z/lIEQhJq0sdcpzsQ=,xiV9t4bhT1h3+5WRj3dsJEQVmZY=
-4,-13,qynTNAtCr6Z/lIEQhJq0sdcpzsQ=,VHUD+U/l2gWYr3JAd8PlRgQ9Oz8=
-4,-12,qynTNAtCr6Z/lIEQhJq0sdcpzsQ=,KxncKS4CQnhjfuf7HEYVYW00Yig=
-6,-16,qynTNAtCr6Z/lIEQhJq0sdcpzsQ=,xiV9t4bhT1h3+5WRj3dsJEQVmZY=
-1,-14,qynTNAtCr6Z/lIEQhJq0sdcpzsQ=,mze6DyyU/QyZuLy4kvXD1kZ25qI=
-6,-3,qynTNAtCr6Z/lIEQhJq0sdcpzsQ=,J3D2AMP9IEcnNaEHaz9FzBOrPOw=
-5,-3,qynTNAtCr6Z/lIEQhJq0sdcpzsQ=,J3D2AMP9IEcnNaEHaz9FzBOrPOw=
-6,-1,qynTNAtCr6Z/lIEQhJq0sdcpzsQ=,n6arkDuBMRUK5sS/9UKvaUEimC0=
-5,-8,yug+PhbRRHT50FCP5zVm5V/dyc0=,7z0OenQg3StZJFp3oRwBCWne7IU=
-5,-1,yug+PhbRRHT50FCP5zVm5V/dyc0=,n6arkDuBMRUK5sS/9UKvaUEimC0=
-4,-8,yug+PhbRRHT50FCP5zVm5V/dyc0=,W3phtaPnNSnjkqHLrZ8G1TTh//A=
-5,-10,yug+PhbRRHT50FCP5zVm5V/dyc0=,HD3R1i3v12EqIbgWtCKdrifGm/A=
-7,-8,yug+PhbRRHT50FCP5zVm5V/dyc0=,djKdqrj99wpPurfT24jeXPzg1as=
-6,-2,yug+PhbRRHT50FCP5zVm5V/dyc0=,n6arkDuBMRUK5sS/9UKvaUEimC0=
-6,-9,yug+PhbRRHT50FCP5zVm5V/dyc0=,HD3R1i3v12EqIbgWtCKdrifGm/A=
-5,-9,yug+PhbRRHT50FCP5zVm5V/dyc0=,HD3R1i3v12EqIbgWtCKdrifGm/A=
-4,-2,yug+PhbRRHT50FCP5zVm5V/dyc0=,/cl1moIZ1u48ZyrINABnMxZSiMc=
-6,-8,yug+PhbRRHT50FCP5zVm5V/dyc0=,7z0OenQg3StZJFp3oRwBCWne7IU=
-5,-2,yug+PhbRRHT50FCP5zVm5V/dyc0=,n6arkDuBMRUK5sS/9UKvaUEimC0=
-4,-3,yug+PhbRRHT50FCP5zVm5V/dyc0=,G4aOra42eLDGfkqzacThRqhhfI4=
-7,-3,yug+PhbRRHT50FCP5zVm5V/dyc0=,AE0KJWUQ8p1O/FDwmVrcBiEELNU=
-6,-10,yug+PhbRRHT50FCP5zVm5V/dyc0=,HD3R1i3v12EqIbgWtCKdrifGm/A=
-4,-9,yug+PhbRRHT50FCP5zVm5V/dyc0=,/N3qdgW1hubLDf4PWGgBnM134JU=
-4,-11,yug+PhbRRHT50FCP5zVm5V/dyc0=,KxncKS4CQnhjfuf7HEYVYW00Yig=
-7,-2,yug+PhbRRHT50FCP5zVm5V/dyc0=,2XhbhPGZdhDh9OuELSH/e9lKFUY=
-7,-1,yug+PhbRRHT50FCP5zVm5V/dyc0=,2XhbhPGZdhDh9OuELSH/e9lKFUY=
-7,-10,yug+PhbRRHT50FCP5zVm5V/dyc0=,ZQcuKS1ml/BjQ9bUuO0UfxAB7EQ=
-7,-9,yug+PhbRRHT50FCP5zVm5V/dyc0=,ZQcuKS1ml/BjQ9bUuO0UfxAB7EQ=
-4,-10,f04xEQCerFjjag671j5e49I6q7Q=,/N3qdgW1hubLDf4PWGgBnM134JU=
-4,-1,f04xEQCerFjjag671j5e49I6q7Q=,/cl1moIZ1u48ZyrINABnMxZSiMc=
-5,-16,f04xEQCerFjjag671j5e49I6q7Q=,xiV9t4bhT1h3+5WRj3dsJEQVmZY=
-5,-15,f04xEQCerFjjag671j5e49I6q7Q=,xiV9t4bhT1h3+5WRj3dsJEQVmZY=
-3,-16,f04xEQCerFjjag671j5e49I6q7Q=,ttUe+7foorpo/F5CGQQzHwtcsGY=
-4,-15,f04xEQCerFjjag671j5e49I6q7Q=,ttUe+7foorpo/F5CGQQzHwtcsGY=
-3,-15,f04xEQCerFjjag671j5e49I6q7Q=,ttUe+7foorpo/F5CGQQzHwtcsGY=
-3,-14,f04xEQCerFjjag671j5e49I6q7Q=,VHUD+U/l2gWYr3JAd8PlRgQ9Oz8=
-2,-14,f04xEQCerFjjag671j5e49I6q7Q=,mze6DyyU/QyZuLy4kvXD1kZ25qI=
-4,-16,f04xEQCerFjjag671j5e49I6q7Q=,ttUe+7foorpo/F5CGQQzHwtcsGY=
-4,-14,f04xEQCerFjjag671j5e49I6q7Q=,VHUD+U/l2gWYr3JAd8PlRgQ9Oz8=
-16,-5,f04xEQCerFjjag671j5e49I6q7Q=,NvB2PuTsqqByeCrh1Fbjam7ZLSc=
-16,-1,f04xEQCerFjjag671j5e49I6q7Q=,4WQEs9sf+lG9FssFmWV5VoTgaj0=
-3,-12,f04xEQCerFjjag671j5e49I6q7Q=,KxncKS4CQnhjfuf7HEYVYW00Yig=
-16,-4,f04xEQCerFjjag671j5e49I6q7Q=,JmkS6vfs3mByP4T3VOAPuct+4Go=
-16,-3,f04xEQCerFjjag671j5e49I6q7Q=,JmkS6vfs3mByP4T3VOAPuct+4Go=
-3,-13,f04xEQCerFjjag671j5e49I6q7Q=,VHUD+U/l2gWYr3JAd8PlRgQ9Oz8=
-3,-11,f04xEQCerFjjag671j5e49I6q7Q=,KxncKS4CQnhjfuf7HEYVYW00Yig=
-16,-2,f04xEQCerFjjag671j5e49I6q7Q=,4WQEs9sf+lG9FssFmWV5VoTgaj0=
-3,-10,f04xEQCerFjjag671j5e49I6q7Q=,/N3qdgW1hubLDf4PWGgBnM134JU=
-2,-13,f04xEQCerFjjag671j5e49I6q7Q=,mze6DyyU/QyZuLy4kvXD1kZ25qI=
-1,-10,f04xEQCerFjjag671j5e49I6q7Q=,DyZEEHZNEI0nDKLYMmwFSZfAPUY=
-1,-12,f04xEQCerFjjag671j5e49I6q7Q=,MPCLc4dm++tA81AI1P/qHEWNaFg=
-2,-10,f04xEQCerFjjag671j5e49I6q7Q=,DyZEEHZNEI0nDKLYMmwFSZfAPUY=
-1,-13,f04xEQCerFjjag671j5e49I6q7Q=,mze6DyyU/QyZuLy4kvXD1kZ25qI=
-1,-11,f04xEQCerFjjag671j5e49I6q7Q=,MPCLc4dm++tA81AI1P/qHEWNaFg=
-2,-12,f04xEQCerFjjag671j5e49I6q7Q=,MPCLc4dm++tA81AI1P/qHEWNaFg=
-2,-11,f04xEQCerFjjag671j5e49I6q7Q=,MPCLc4dm++tA81AI1P/qHEWNaFg=
-12,-18,NcUQ0ziMYgqB0llh9kTi5mFZCFs=,DyPdkekjtNAXZOmu8nmAR3FmcdA=
-13,-18,NcUQ0ziMYgqB0llh9kTi5mFZCFs=,i5r8B86pnn8GYlz0YJLTgeFHtFo=
-14,-18,NcUQ0ziMYgqB0llh9kTi5mFZCFs=,i5r8B86pnn8GYlz0YJLTgeFHtFo=
-12,-19,NcUQ0ziMYgqB0llh9kTi5mFZCFs=,Btu0yo86JW2ZJ+IL3Pzck3QOB60=
-13,-19,NcUQ0ziMYgqB0llh9kTi5mFZCFs=,VnfqRpT9vOc0FUn/ity/yq1OZ8s=
-14,-19,NcUQ0ziMYgqB0llh9kTi5mFZCFs=,VnfqRpT9vOc0FUn/ity/yq1OZ8s=
-15,-19,NcUQ0ziMYgqB0llh9kTi5mFZCFs=,DE5gF1ZZjmXirqEd68VVSLkE2CM=
-15,-18,NcUQ0ziMYgqB0llh9kTi5mFZCFs=,G2zo6mshrf7XDlxs3eJhmsANZmg=
-12,-20,S7PHCubgQmBf1cHLKuGwlWumFbw=,Btu0yo86JW2ZJ+IL3Pzck3QOB60=
-15,-21,S7PHCubgQmBf1cHLKuGwlWumFbw=,gnY4GmMQxgGNjnzJz9/ms7HNezs=
-13,-20,S7PHCubgQmBf1cHLKuGwlWumFbw=,VnfqRpT9vOc0FUn/ity/yq1OZ8s=
-15,-20,S7PHCubgQmBf1cHLKuGwlWumFbw=,DE5gF1ZZjmXirqEd68VVSLkE2CM=
-14,-20,S7PHCubgQmBf1cHLKuGwlWumFbw=,VnfqRpT9vOc0FUn/ity/yq1OZ8s=
-16,-21,S7PHCubgQmBf1cHLKuGwlWumFbw=,gnY4GmMQxgGNjnzJz9/ms7HNezs=
-16,-20,S7PHCubgQmBf1cHLKuGwlWumFbw=,DE5gF1ZZjmXirqEd68VVSLkE2CM=
-16,-18,S7PHCubgQmBf1cHLKuGwlWumFbw=,G2zo6mshrf7XDlxs3eJhmsANZmg=
-16,-19,S7PHCubgQmBf1cHLKuGwlWumFbw=,DE5gF1ZZjmXirqEd68VVSLkE2CM=
-15,-17,S7PHCubgQmBf1cHLKuGwlWumFbw=,G2zo6mshrf7XDlxs3eJhmsANZmg=
-14,-17,S7PHCubgQmBf1cHLKuGwlWumFbw=,i5r8B86pnn8GYlz0YJLTgeFHtFo=
-12,-17,S7PHCubgQmBf1cHLKuGwlWumFbw=,DyPdkekjtNAXZOmu8nmAR3FmcdA=
-13,-17,S7PHCubgQmBf1cHLKuGwlWumFbw=,i5r8B86pnn8GYlz0YJLTgeFHtFo=
-10,-17,S7PHCubgQmBf1cHLKuGwlWumFbw=,jiKdyUXkK9i3lEjlHwgpXX5EGO0=
-7,-20,S7PHCubgQmBf1cHLKuGwlWumFbw=,5xaJZks7ePDsGnf7u/W0PZETlJo=
-6,-20,gupfWDtRn4tT8ZKeSF8ZZ4ZMq78=,+lji/tEBykSuAnntxcTav0+/LQg=
-8,-18,gupfWDtRn4tT8ZKeSF8ZZ4ZMq78=,twbFuFd7p4ULafuAJmivZAZ9tjA=
-8,-20,gupfWDtRn4tT8ZKeSF8ZZ4ZMq78=,5xaJZks7ePDsGnf7u/W0PZETlJo=
-10,-18,gupfWDtRn4tT8ZKeSF8ZZ4ZMq78=,jiKdyUXkK9i3lEjlHwgpXX5EGO0=
-10,-20,gupfWDtRn4tT8ZKeSF8ZZ4ZMq78=,hJBdl2JnX2buE58E7ZHnYcpk5VU=
-11,-20,gupfWDtRn4tT8ZKeSF8ZZ4ZMq78=,Btu0yo86JW2ZJ+IL3Pzck3QOB60=
-9,-18,gupfWDtRn4tT8ZKeSF8ZZ4ZMq78=,jiKdyUXkK9i3lEjlHwgpXX5EGO0=
-9,-20,gupfWDtRn4tT8ZKeSF8ZZ4ZMq78=,hJBdl2JnX2buE58E7ZHnYcpk5VU=
-9,-17,gupfWDtRn4tT8ZKeSF8ZZ4ZMq78=,jiKdyUXkK9i3lEjlHwgpXX5EGO0=
-16,-22,gupfWDtRn4tT8ZKeSF8ZZ4ZMq78=,gnY4GmMQxgGNjnzJz9/ms7HNezs=
-8,-19,gupfWDtRn4tT8ZKeSF8ZZ4ZMq78=,5xaJZks7ePDsGnf7u/W0PZETlJo=
-11,-18,gupfWDtRn4tT8ZKeSF8ZZ4ZMq78=,DyPdkekjtNAXZOmu8nmAR3FmcdA=
-8,-17,gupfWDtRn4tT8ZKeSF8ZZ4ZMq78=,twbFuFd7p4ULafuAJmivZAZ9tjA=
-9,-19,gupfWDtRn4tT8ZKeSF8ZZ4ZMq78=,hJBdl2JnX2buE58E7ZHnYcpk5VU=
-15,-22,gupfWDtRn4tT8ZKeSF8ZZ4ZMq78=,gnY4GmMQxgGNjnzJz9/ms7HNezs=
-10,-19,gupfWDtRn4tT8ZKeSF8ZZ4ZMq78=,hJBdl2JnX2buE58E7ZHnYcpk5VU=
-11,-19,gupfWDtRn4tT8ZKeSF8ZZ4ZMq78=,Btu0yo86JW2ZJ+IL3Pzck3QOB60=
-5,-20,gupfWDtRn4tT8ZKeSF8ZZ4ZMq78=,+lji/tEBykSuAnntxcTav0+/LQg=
-3,-17,gupfWDtRn4tT8ZKeSF8ZZ4ZMq78=,iEeq8JZP/MUO7+SiTdHgeCsSPVw=
-3,-18,gupfWDtRn4tT8ZKeSF8ZZ4ZMq78=,iEeq8JZP/MUO7+SiTdHgeCsSPVw=
-11,-17,gupfWDtRn4tT8ZKeSF8ZZ4ZMq78=,DyPdkekjtNAXZOmu8nmAR3FmcdA=
-16,-17,gupfWDtRn4tT8ZKeSF8ZZ4ZMq78=,G2zo6mshrf7XDlxs3eJhmsANZmg=
-4,-18,gupfWDtRn4tT8ZKeSF8ZZ4ZMq78=,iEeq8JZP/MUO7+SiTdHgeCsSPVw=
-5,-19,gupfWDtRn4tT8ZKeSF8ZZ4ZMq78=,+lji/tEBykSuAnntxcTav0+/LQg=
-7,-17,gupfWDtRn4tT8ZKeSF8ZZ4ZMq78=,twbFuFd7p4ULafuAJmivZAZ9tjA=
-7,-19,gupfWDtRn4tT8ZKeSF8ZZ4ZMq78=,5xaJZks7ePDsGnf7u/W0PZETlJo=
-6,-18,gupfWDtRn4tT8ZKeSF8ZZ4ZMq78=,3mFaGvpoif+/aGG6tHavYrSo5+4=
-5,-18,gupfWDtRn4tT8ZKeSF8ZZ4ZMq78=,3mFaGvpoif+/aGG6tHavYrSo5+4=
-5,-17,gupfWDtRn4tT8ZKeSF8ZZ4ZMq78=,3mFaGvpoif+/aGG6tHavYrSo5+4=
-7,-18,gupfWDtRn4tT8ZKeSF8ZZ4ZMq78=,twbFuFd7p4ULafuAJmivZAZ9tjA=
-6,-17,gupfWDtRn4tT8ZKeSF8ZZ4ZMq78=,3mFaGvpoif+/aGG6tHavYrSo5+4=
-4,-17,gupfWDtRn4tT8ZKeSF8ZZ4ZMq78=,iEeq8JZP/MUO7+SiTdHgeCsSPVw=
-6,-19,gupfWDtRn4tT8ZKeSF8ZZ4ZMq78=,+lji/tEBykSuAnntxcTav0+/LQg=
-28,-18,9K/Skcwyu2zVHw65BufmuNj+2H0=,jjseVR/5JCj4nMjsGktAIi9Q4gg=
-29,-17,9K/Skcwyu2zVHw65BufmuNj+2H0=,KOi30pqHC0pcKInmQPbI+XlIMek=
-27,-17,9K/Skcwyu2zVHw65BufmuNj+2H0=,jjseVR/5JCj4nMjsGktAIi9Q4gg=
-27,-18,9K/Skcwyu2zVHw65BufmuNj+2H0=,jjseVR/5JCj4nMjsGktAIi9Q4gg=
-29,-19,9K/Skcwyu2zVHw65BufmuNj+2H0=,fTZe8He6S6Oc1DV5gmRiygiJNbc=
-28,-17,9K/Skcwyu2zVHw65BufmuNj+2H0=,jjseVR/5JCj4nMjsGktAIi9Q4gg=
-32,-22,9K/Skcwyu2zVHw65BufmuNj+2H0=,prFlGI1fQxhyjCieYW44W0cft4U=
-29,-18,9K/Skcwyu2zVHw65BufmuNj+2H0=,KOi30pqHC0pcKInmQPbI+XlIMek=
-32,-20,9K/Skcwyu2zVHw65BufmuNj+2H0=,vps9wN8lEDlUzHVYw7H+ODoax90=
-31,-20,9K/Skcwyu2zVHw65BufmuNj+2H0=,vps9wN8lEDlUzHVYw7H+ODoax90=
-31,-22,9K/Skcwyu2zVHw65BufmuNj+2H0=,prFlGI1fQxhyjCieYW44W0cft4U=
-32,-21,N0jtS0a6HPxmhw2fYmVyGpk1ya0=,prFlGI1fQxhyjCieYW44W0cft4U=
-31,-21,N0jtS0a6HPxmhw2fYmVyGpk1ya0=,prFlGI1fQxhyjCieYW44W0cft4U=
-30,-20,N0jtS0a6HPxmhw2fYmVyGpk1ya0=,fTZe8He6S6Oc1DV5gmRiygiJNbc=
-17,-22,N0jtS0a6HPxmhw2fYmVyGpk1ya0=,/Dl3Gumtnjq3/CqBqYO8kgugyn4=
-17,-21,N0jtS0a6HPxmhw2fYmVyGpk1ya0=,/Dl3Gumtnjq3/CqBqYO8kgugyn4=
-18,-18,N0jtS0a6HPxmhw2fYmVyGpk1ya0=,Q4R0QkRz23Udsof+Kup21Cz2BkI=
-18,-19,N0jtS0a6HPxmhw2fYmVyGpk1ya0=,b7P7XPJUMO3r4toLC+GYet/1HM4=
-18,-20,N0jtS0a6HPxmhw2fYmVyGpk1ya0=,b7P7XPJUMO3r4toLC+GYet/1HM4=
-17,-20,N0jtS0a6HPxmhw2fYmVyGpk1ya0=,b7P7XPJUMO3r4toLC+GYet/1HM4=
-18,-21,N0jtS0a6HPxmhw2fYmVyGpk1ya0=,/Dl3Gumtnjq3/CqBqYO8kgugyn4=
-30,-18,N0jtS0a6HPxmhw2fYmVyGpk1ya0=,KOi30pqHC0pcKInmQPbI+XlIMek=
-31,-18,N0jtS0a6HPxmhw2fYmVyGpk1ya0=,NigLk41sTUrqUFksJgPgIBFhQVk=
-31,-17,N0jtS0a6HPxmhw2fYmVyGpk1ya0=,NigLk41sTUrqUFksJgPgIBFhQVk=
-31,-19,N0jtS0a6HPxmhw2fYmVyGpk1ya0=,vps9wN8lEDlUzHVYw7H+ODoax90=
-30,-19,N0jtS0a6HPxmhw2fYmVyGpk1ya0=,fTZe8He6S6Oc1DV5gmRiygiJNbc=
-32,-18,N0jtS0a6HPxmhw2fYmVyGpk1ya0=,NigLk41sTUrqUFksJgPgIBFhQVk=
-32,-19,N0jtS0a6HPxmhw2fYmVyGpk1ya0=,vps9wN8lEDlUzHVYw7H+ODoax90=
-32,-17,N0jtS0a6HPxmhw2fYmVyGpk1ya0=,NigLk41sTUrqUFksJgPgIBFhQVk=
-30,-17,N0jtS0a6HPxmhw2fYmVyGpk1ya0=,KOi30pqHC0pcKInmQPbI+XlIMek=
-17,-17,N0jtS0a6HPxmhw2fYmVyGpk1ya0=,Q4R0QkRz23Udsof+Kup21Cz2BkI=
-17,-18,N0jtS0a6HPxmhw2fYmVyGpk1ya0=,Q4R0QkRz23Udsof+Kup21Cz2BkI=
-17,-19,N0jtS0a6HPxmhw2fYmVyGpk1ya0=,b7P7XPJUMO3r4toLC+GYet/1HM4=
-18,-17,N0jtS0a6HPxmhw2fYmVyGpk1ya0=,Q4R0QkRz23Udsof+Kup21Cz2BkI=
-29,-20,N0jtS0a6HPxmhw2fYmVyGpk1ya0=,fTZe8He6S6Oc1DV5gmRiygiJNbc=
-18,-22,N0jtS0a6HPxmhw2fYmVyGpk1ya0=,/Dl3Gumtnjq3/CqBqYO8kgugyn4=
-31,-10,0c04OKCYmM7fiSdkGEfS8pPcJOs=,UP5n9nvK9H5Qe4j8Zyd/5noj/JI=
-30,-10,0c04OKCYmM7fiSdkGEfS8pPcJOs=,xDTwgyHkcLUE0xxMGEym06mVcJo=
-31,-11,0c04OKCYmM7fiSdkGEfS8pPcJOs=,g+v+IMK7i/c0Yu5QrUSFJ3FDEvk=
-30,-11,0c04OKCYmM7fiSdkGEfS8pPcJOs=,Q0PmKKCynR9kxLpLhLJlEEifTL4=
-28,-8,NjltNUEQigUe48Pw35m/vdrGrH0=,WmqkaVlNkD2l5C/3FJsYTQBx5bc=
-28,-9,NjltNUEQigUe48Pw35m/vdrGrH0=,qBLbEbbYEOSFgjT96mfTaFmMH4s=
-29,-9,NjltNUEQigUe48Pw35m/vdrGrH0=,xDTwgyHkcLUE0xxMGEym06mVcJo=
-29,-8,NjltNUEQigUe48Pw35m/vdrGrH0=,hBcgkUelkNLENIOhA37PVZupxm0=
-28,-10,WwP/qynarSfKYG2+95lDRVyGq4A=,qBLbEbbYEOSFgjT96mfTaFmMH4s=
-29,-10,WwP/qynarSfKYG2+95lDRVyGq4A=,xDTwgyHkcLUE0xxMGEym06mVcJo=
-28,-11,WwP/qynarSfKYG2+95lDRVyGq4A=,5GbMibkmDB/Z7Ls/cgHyGeSiWEo=
-29,-11,WwP/qynarSfKYG2+95lDRVyGq4A=,Q0PmKKCynR9kxLpLhLJlEEifTL4=
-29,-6,HdboRM0yNEzM1juh/OMj/AQ0+go=,kImiSeu2AmNOoMz2THAsjwmlzUw=
-28,-4,HdboRM0yNEzM1juh/OMj/AQ0+go=,hXn+SmD6SLVgmOUKLFY6FDocVcw=
-28,-7,HdboRM0yNEzM1juh/OMj/AQ0+go=,WmqkaVlNkD2l5C/3FJsYTQBx5bc=
-28,-6,HdboRM0yNEzM1juh/OMj/AQ0+go=,9TJECX1GpnNx2LgwUq9qM7T0ADE=
-29,-5,HdboRM0yNEzM1juh/OMj/AQ0+go=,kImiSeu2AmNOoMz2THAsjwmlzUw=
-29,-4,HdboRM0yNEzM1juh/OMj/AQ0+go=,HeT+E02V1jctKMp2MGDvSUH6vVA=
-28,-5,HdboRM0yNEzM1juh/OMj/AQ0+go=,9TJECX1GpnNx2LgwUq9qM7T0ADE=
-29,-7,HdboRM0yNEzM1juh/OMj/AQ0+go=,hBcgkUelkNLENIOhA37PVZupxm0=
-24,-14,vbv8OxNH8pAq4DrBQie+t8S70C4=,xr5nf4JQTB3i/w7rl1Lf/DjjAmA=
-25,-14,vbv8OxNH8pAq4DrBQie+t8S70C4=,SNig39R3Tx4ldWkhxiCPAXy2P2g=
-24,-15,vbv8OxNH8pAq4DrBQie+t8S70C4=,yL0s83wJ41zVehAXIVQu6/75KiM=
-25,-15,vbv8OxNH8pAq4DrBQie+t8S70C4=,iWzURBDHtVE4u0lBYOx/NpnR3+o=
-24,-12,fRh1atV0ddwgbHk3xus3+Yz57jU=,ELDJ/RYzTOA0V6zrwjjUbyV1cLE=
-24,-13,696+ExkhGvL8WqZX0fOONhfv+dk=,xr5nf4JQTB3i/w7rl1Lf/DjjAmA=
-26,-12,696+ExkhGvL8WqZX0fOONhfv+dk=,CkGXtaqc9MmBz0htRPiOfX7K7OM=
-26,-13,696+ExkhGvL8WqZX0fOONhfv+dk=,SNig39R3Tx4ldWkhxiCPAXy2P2g=
-25,-12,696+ExkhGvL8WqZX0fOONhfv+dk=,CkGXtaqc9MmBz0htRPiOfX7K7OM=
-27,-12,696+ExkhGvL8WqZX0fOONhfv+dk=,5GbMibkmDB/Z7Ls/cgHyGeSiWEo=
-27,-13,696+ExkhGvL8WqZX0fOONhfv+dk=,sSJT9qt/uzVZMP3KEgJ3yLiZzcI=
-25,-13,696+ExkhGvL8WqZX0fOONhfv+dk=,SNig39R3Tx4ldWkhxiCPAXy2P2g=
-26,-10,696+ExkhGvL8WqZX0fOONhfv+dk=,N6TVIf2AejJjVccZye3BrBourKI=
-27,-10,696+ExkhGvL8WqZX0fOONhfv+dk=,qBLbEbbYEOSFgjT96mfTaFmMH4s=
-26,-11,RYdpb7o3edsm/dkKJV/Awd8cCDI=,CkGXtaqc9MmBz0htRPiOfX7K7OM=
-27,-11,RYdpb7o3edsm/dkKJV/Awd8cCDI=,5GbMibkmDB/Z7Ls/cgHyGeSiWEo=
-24,-10,DmnBBAUlVNGepM+lDYf4D+4L/Q4=,InI9iBeodtjj3orQaSRN6zAULrU=
-25,-10,DmnBBAUlVNGepM+lDYf4D+4L/Q4=,N6TVIf2AejJjVccZye3BrBourKI=
-24,-11,DmnBBAUlVNGepM+lDYf4D+4L/Q4=,ELDJ/RYzTOA0V6zrwjjUbyV1cLE=
-25,-11,DmnBBAUlVNGepM+lDYf4D+4L/Q4=,CkGXtaqc9MmBz0htRPiOfX7K7OM=
-26,-6,XdX2knsSQZT2gU78HEExtrSFTwo=,i5LvTacaEgncODsGPovxXqAXcDM=
-26,-8,E2s/6TG2PSt/T8+QWgsMiZ83V/s=,Ghv7P+OAx0CcTXMGJ8GpjHA3zcM=
-26,-7,E2s/6TG2PSt/T8+QWgsMiZ83V/s=,Ghv7P+OAx0CcTXMGJ8GpjHA3zcM=
-27,-8,E2s/6TG2PSt/T8+QWgsMiZ83V/s=,WmqkaVlNkD2l5C/3FJsYTQBx5bc=
-27,-6,E2s/6TG2PSt/T8+QWgsMiZ83V/s=,9TJECX1GpnNx2LgwUq9qM7T0ADE=
-26,-9,E2s/6TG2PSt/T8+QWgsMiZ83V/s=,N6TVIf2AejJjVccZye3BrBourKI=
-27,-7,E2s/6TG2PSt/T8+QWgsMiZ83V/s=,WmqkaVlNkD2l5C/3FJsYTQBx5bc=
-27,-9,E2s/6TG2PSt/T8+QWgsMiZ83V/s=,qBLbEbbYEOSFgjT96mfTaFmMH4s=
-25,-6,E2s/6TG2PSt/T8+QWgsMiZ83V/s=,i5LvTacaEgncODsGPovxXqAXcDM=
-25,-8,E2s/6TG2PSt/T8+QWgsMiZ83V/s=,Ghv7P+OAx0CcTXMGJ8GpjHA3zcM=
-25,-7,E2s/6TG2PSt/T8+QWgsMiZ83V/s=,Ghv7P+OAx0CcTXMGJ8GpjHA3zcM=
-24,-6,E2s/6TG2PSt/T8+QWgsMiZ83V/s=,4YZH8Mwdwkz3w0Pgo9tf4U7N78E=
-24,-7,E2s/6TG2PSt/T8+QWgsMiZ83V/s=,8vydfm6BI8XH1jZVK2O1/nzFkt8=
-24,-9,E2s/6TG2PSt/T8+QWgsMiZ83V/s=,InI9iBeodtjj3orQaSRN6zAULrU=
-25,-9,+RtreenZTs4ae469S//KhMf7eKg=,N6TVIf2AejJjVccZye3BrBourKI=
-24,-8,+RtreenZTs4ae469S//KhMf7eKg=,8vydfm6BI8XH1jZVK2O1/nzFkt8=
-23,-8,7hb7Rn4v0Au5e3G1vLkV9Rj/6B0=,8vydfm6BI8XH1jZVK2O1/nzFkt8=
-22,-9,7hb7Rn4v0Au5e3G1vLkV9Rj/6B0=,74t6pKXzuzd7PrrKfUg3PuYKxug=
-22,-8,7hb7Rn4v0Au5e3G1vLkV9Rj/6B0=,C/XvX40H/ujm+toILhwZ+D8a/rA=
-23,-9,7hb7Rn4v0Au5e3G1vLkV9Rj/6B0=,InI9iBeodtjj3orQaSRN6zAULrU=
-23,-10,7hb7Rn4v0Au5e3G1vLkV9Rj/6B0=,InI9iBeodtjj3orQaSRN6zAULrU=
-22,-10,dgu8q6WNgr7njO/7C34G+WuzTmY=,74t6pKXzuzd7PrrKfUg3PuYKxug=
-23,-6,dgu8q6WNgr7njO/7C34G+WuzTmY=,4YZH8Mwdwkz3w0Pgo9tf4U7N78E=
-23,-11,dgu8q6WNgr7njO/7C34G+WuzTmY=,ELDJ/RYzTOA0V6zrwjjUbyV1cLE=
-22,-7,dgu8q6WNgr7njO/7C34G+WuzTmY=,C/XvX40H/ujm+toILhwZ+D8a/rA=
-22,-6,dgu8q6WNgr7njO/7C34G+WuzTmY=,ieLspLmRXlr4t8q6IwVtZu1QorE=
-23,-7,dgu8q6WNgr7njO/7C34G+WuzTmY=,8vydfm6BI8XH1jZVK2O1/nzFkt8=
-22,-11,dgu8q6WNgr7njO/7C34G+WuzTmY=,zyiwjqkPN+LpnFe8+rli8mWqM9c=
-22,-5,gpdfWsFTXOCAUc5w9q96PKa1mO4=,ieLspLmRXlr4t8q6IwVtZu1QorE=
-23,-4,gpdfWsFTXOCAUc5w9q96PKa1mO4=,oRKnZP9p/zDUxT5HaiZ1rgY5jQk=
-23,-5,gpdfWsFTXOCAUc5w9q96PKa1mO4=,4YZH8Mwdwkz3w0Pgo9tf4U7N78E=
-22,-4,gpdfWsFTXOCAUc5w9q96PKa1mO4=,MuYNkIqixQnYenwEGbpiyJa95eI=
-22,-2,gpdfWsFTXOCAUc5w9q96PKa1mO4=,YAzLSb+oQgZKlvzzaCsb0+oNM7Y=
-23,-2,gpdfWsFTXOCAUc5w9q96PKa1mO4=,Hs0SfpuFF0wC1oKf7ZYzrwoGz9E=
-23,-3,gpdfWsFTXOCAUc5w9q96PKa1mO4=,oRKnZP9p/zDUxT5HaiZ1rgY5jQk=
-28,-3,gpdfWsFTXOCAUc5w9q96PKa1mO4=,hXn+SmD6SLVgmOUKLFY6FDocVcw=
-28,-2,gpdfWsFTXOCAUc5w9q96PKa1mO4=,F9uBRIR10ITQw4v2Fgx5Uu/KQbk=
-29,-3,v8gYfidPJdECWovHRjCyH8dJOvY=,HeT+E02V1jctKMp2MGDvSUH6vVA=
-22,-3,v8gYfidPJdECWovHRjCyH8dJOvY=,MuYNkIqixQnYenwEGbpiyJa95eI=
-26,-5,v8gYfidPJdECWovHRjCyH8dJOvY=,i5LvTacaEgncODsGPovxXqAXcDM=
-25,-5,v8gYfidPJdECWovHRjCyH8dJOvY=,i5LvTacaEgncODsGPovxXqAXcDM=
-26,-4,v8gYfidPJdECWovHRjCyH8dJOvY=,KGVLVqlkOrt8YB1TkKkrm+TTwo4=
-25,-4,v8gYfidPJdECWovHRjCyH8dJOvY=,KGVLVqlkOrt8YB1TkKkrm+TTwo4=
-24,-4,v8gYfidPJdECWovHRjCyH8dJOvY=,oRKnZP9p/zDUxT5HaiZ1rgY5jQk=
-24,-5,v8gYfidPJdECWovHRjCyH8dJOvY=,4YZH8Mwdwkz3w0Pgo9tf4U7N78E=
-27,-4,v8gYfidPJdECWovHRjCyH8dJOvY=,hXn+SmD6SLVgmOUKLFY6FDocVcw=
-27,-5,v8gYfidPJdECWovHRjCyH8dJOvY=,9TJECX1GpnNx2LgwUq9qM7T0ADE=
-31,-2,v8gYfidPJdECWovHRjCyH8dJOvY=,UUPvShFhrh9K1nX8fS4smW1qOUI=
-31,-3,v8gYfidPJdECWovHRjCyH8dJOvY=,/A2m2cDXH804NLU+wPa5fV0rM9U=
-30,-3,v8gYfidPJdECWovHRjCyH8dJOvY=,HeT+E02V1jctKMp2MGDvSUH6vVA=
-32,-2,kBFN6Fb62oDS8kRa32f2OjdgMDo=,UUPvShFhrh9K1nX8fS4smW1qOUI=
-32,-3,kBFN6Fb62oDS8kRa32f2OjdgMDo=,/A2m2cDXH804NLU+wPa5fV0rM9U=
-26,-3,kBFN6Fb62oDS8kRa32f2OjdgMDo=,KGVLVqlkOrt8YB1TkKkrm+TTwo4=
-25,-3,kBFN6Fb62oDS8kRa32f2OjdgMDo=,KGVLVqlkOrt8YB1TkKkrm+TTwo4=
-25,-1,kBFN6Fb62oDS8kRa32f2OjdgMDo=,mZJQyhKVJkhOTgMBCSyhFqPpW38=
-27,-1,kBFN6Fb62oDS8kRa32f2OjdgMDo=,F9uBRIR10ITQw4v2Fgx5Uu/KQbk=
-27,-2,kBFN6Fb62oDS8kRa32f2OjdgMDo=,F9uBRIR10ITQw4v2Fgx5Uu/KQbk=
-26,-1,kBFN6Fb62oDS8kRa32f2OjdgMDo=,mZJQyhKVJkhOTgMBCSyhFqPpW38=
-25,-2,kBFN6Fb62oDS8kRa32f2OjdgMDo=,mZJQyhKVJkhOTgMBCSyhFqPpW38=
-27,-3,kBFN6Fb62oDS8kRa32f2OjdgMDo=,hXn+SmD6SLVgmOUKLFY6FDocVcw=
-24,-3,kBFN6Fb62oDS8kRa32f2OjdgMDo=,oRKnZP9p/zDUxT5HaiZ1rgY5jQk=
-26,-2,kBFN6Fb62oDS8kRa32f2OjdgMDo=,mZJQyhKVJkhOTgMBCSyhFqPpW38=
-24,-2,kBFN6Fb62oDS8kRa32f2OjdgMDo=,Hs0SfpuFF0wC1oKf7ZYzrwoGz9E=
-24,-1,kBFN6Fb62oDS8kRa32f2OjdgMDo=,Hs0SfpuFF0wC1oKf7ZYzrwoGz9E=
-31,-4,48Tug1f6Oa14aaghVB0fRliwdkM=,/A2m2cDXH804NLU+wPa5fV0rM9U=
-32,-4,48Tug1f6Oa14aaghVB0fRliwdkM=,/A2m2cDXH804NLU+wPa5fV0rM9U=
-31,-5,48Tug1f6Oa14aaghVB0fRliwdkM=,cDZGPSW3X240hVyDEVAWPrPYZCI=
-32,-5,48Tug1f6Oa14aaghVB0fRliwdkM=,cDZGPSW3X240hVyDEVAWPrPYZCI=
-31,-6,48Tug1f6Oa14aaghVB0fRliwdkM=,cDZGPSW3X240hVyDEVAWPrPYZCI=
-32,-6,48Tug1f6Oa14aaghVB0fRliwdkM=,cDZGPSW3X240hVyDEVAWPrPYZCI=
-30,-4,48Tug1f6Oa14aaghVB0fRliwdkM=,HeT+E02V1jctKMp2MGDvSUH6vVA=
-31,-7,48Tug1f6Oa14aaghVB0fRliwdkM=,59eSYAcuaK5fOEs7eLKEvJ/gTc4=
-30,-5,48Tug1f6Oa14aaghVB0fRliwdkM=,kImiSeu2AmNOoMz2THAsjwmlzUw=
-32,-7,48Tug1f6Oa14aaghVB0fRliwdkM=,59eSYAcuaK5fOEs7eLKEvJ/gTc4=
-31,-8,48Tug1f6Oa14aaghVB0fRliwdkM=,59eSYAcuaK5fOEs7eLKEvJ/gTc4=
-32,-8,48Tug1f6Oa14aaghVB0fRliwdkM=,59eSYAcuaK5fOEs7eLKEvJ/gTc4=
-31,-9,48Tug1f6Oa14aaghVB0fRliwdkM=,UP5n9nvK9H5Qe4j8Zyd/5noj/JI=
-32,-9,48Tug1f6Oa14aaghVB0fRliwdkM=,UP5n9nvK9H5Qe4j8Zyd/5noj/JI=
-30,-6,48Tug1f6Oa14aaghVB0fRliwdkM=,kImiSeu2AmNOoMz2THAsjwmlzUw=
-30,-9,48Tug1f6Oa14aaghVB0fRliwdkM=,xDTwgyHkcLUE0xxMGEym06mVcJo=
-30,-8,gg8FwvsPcksGkbXLP1QTmF42dm8=,hBcgkUelkNLENIOhA37PVZupxm0=
-30,-7,gg8FwvsPcksGkbXLP1QTmF42dm8=,hBcgkUelkNLENIOhA37PVZupxm0=
-32,-10,gg8FwvsPcksGkbXLP1QTmF42dm8=,UP5n9nvK9H5Qe4j8Zyd/5noj/JI=
-32,-11,gg8FwvsPcksGkbXLP1QTmF42dm8=,g+v+IMK7i/c0Yu5QrUSFJ3FDEvk=
-24,-16,gg8FwvsPcksGkbXLP1QTmF42dm8=,yL0s83wJ41zVehAXIVQu6/75KiM=
-25,-16,gg8FwvsPcksGkbXLP1QTmF42dm8=,iWzURBDHtVE4u0lBYOx/NpnR3+o=
-30,-16,gg8FwvsPcksGkbXLP1QTmF42dm8=,tBBh9/LRbWXvqkpPYtUAqyMoooM=
-28,-16,gg8FwvsPcksGkbXLP1QTmF42dm8=,fwL1fgg0equPOdIGJXHxewc71+c=
-27,-16,gg8FwvsPcksGkbXLP1QTmF42dm8=,fwL1fgg0equPOdIGJXHxewc71+c=
-27,-14,gg8FwvsPcksGkbXLP1QTmF42dm8=,sSJT9qt/uzVZMP3KEgJ3yLiZzcI=
-29,-16,gg8FwvsPcksGkbXLP1QTmF42dm8=,tBBh9/LRbWXvqkpPYtUAqyMoooM=
-26,-16,gg8FwvsPcksGkbXLP1QTmF42dm8=,iWzURBDHtVE4u0lBYOx/NpnR3+o=
-26,-14,gg8FwvsPcksGkbXLP1QTmF42dm8=,SNig39R3Tx4ldWkhxiCPAXy2P2g=
-26,-15,gg8FwvsPcksGkbXLP1QTmF42dm8=,iWzURBDHtVE4u0lBYOx/NpnR3+o=
-27,-15,gg8FwvsPcksGkbXLP1QTmF42dm8=,fwL1fgg0equPOdIGJXHxewc71+c=
-32,-14,gBCd1vzfdTUowd0ziiibEQsDLLw=,va2316OUHIGYo6bENkQWK22ZAOc=
-32,-12,gBCd1vzfdTUowd0ziiibEQsDLLw=,g+v+IMK7i/c0Yu5QrUSFJ3FDEvk=
-32,-13,gBCd1vzfdTUowd0ziiibEQsDLLw=,va2316OUHIGYo6bENkQWK22ZAOc=
-28,-14,gBCd1vzfdTUowd0ziiibEQsDLLw=,sSJT9qt/uzVZMP3KEgJ3yLiZzcI=
-30,-12,gBCd1vzfdTUowd0ziiibEQsDLLw=,Q0PmKKCynR9kxLpLhLJlEEifTL4=
-31,-14,gBCd1vzfdTUowd0ziiibEQsDLLw=,va2316OUHIGYo6bENkQWK22ZAOc=
-29,-12,gBCd1vzfdTUowd0ziiibEQsDLLw=,Q0PmKKCynR9kxLpLhLJlEEifTL4=
-30,-14,gBCd1vzfdTUowd0ziiibEQsDLLw=,QcMCjCVmoSemB1J1m1QbFC+ZlYE=
-29,-14,gBCd1vzfdTUowd0ziiibEQsDLLw=,QcMCjCVmoSemB1J1m1QbFC+ZlYE=
-28,-12,gBCd1vzfdTUowd0ziiibEQsDLLw=,5GbMibkmDB/Z7Ls/cgHyGeSiWEo=
-29,-13,gBCd1vzfdTUowd0ziiibEQsDLLw=,QcMCjCVmoSemB1J1m1QbFC+ZlYE=
-28,-15,gBCd1vzfdTUowd0ziiibEQsDLLw=,fwL1fgg0equPOdIGJXHxewc71+c=
-31,-12,rCj1bq4XPRtUW13X1kc+FPIzmpY=,g+v+IMK7i/c0Yu5QrUSFJ3FDEvk=
-28,-13,rCj1bq4XPRtUW13X1kc+FPIzmpY=,sSJT9qt/uzVZMP3KEgJ3yLiZzcI=
-31,-13,rCj1bq4XPRtUW13X1kc+FPIzmpY=,va2316OUHIGYo6bENkQWK22ZAOc=
-30,-15,rCj1bq4XPRtUW13X1kc+FPIzmpY=,tBBh9/LRbWXvqkpPYtUAqyMoooM=
-30,-13,rCj1bq4XPRtUW13X1kc+FPIzmpY=,QcMCjCVmoSemB1J1m1QbFC+ZlYE=
-29,-15,rCj1bq4XPRtUW13X1kc+FPIzmpY=,tBBh9/LRbWXvqkpPYtUAqyMoooM=
-21,-15,l+UIMFiJr9tly+rhOc/uPjdzrzs=,MK53i6cjpkrCj/EP6uv3BMN6eKo=
-20,-14,l+UIMFiJr9tly+rhOc/uPjdzrzs=,1FnBqK8VRTVvvgQSsjcPlvXUZ0A=
-22,-15,l+UIMFiJr9tly+rhOc/uPjdzrzs=,MK53i6cjpkrCj/EP6uv3BMN6eKo=
-23,-14,l+UIMFiJr9tly+rhOc/uPjdzrzs=,xr5nf4JQTB3i/w7rl1Lf/DjjAmA=
-23,-12,l+UIMFiJr9tly+rhOc/uPjdzrzs=,ELDJ/RYzTOA0V6zrwjjUbyV1cLE=
-22,-12,l+UIMFiJr9tly+rhOc/uPjdzrzs=,zyiwjqkPN+LpnFe8+rli8mWqM9c=
-22,-14,l+UIMFiJr9tly+rhOc/uPjdzrzs=,/4IBPiAnN3alSSPBdzBy/ynpfeE=
-21,-14,l+UIMFiJr9tly+rhOc/uPjdzrzs=,/4IBPiAnN3alSSPBdzBy/ynpfeE=
-22,-13,l+UIMFiJr9tly+rhOc/uPjdzrzs=,/4IBPiAnN3alSSPBdzBy/ynpfeE=
-20,-15,l+UIMFiJr9tly+rhOc/uPjdzrzs=,O2AIY4QUW3bxixezOL7Qz9aMOw0=
-23,-15,l+UIMFiJr9tly+rhOc/uPjdzrzs=,yL0s83wJ41zVehAXIVQu6/75KiM=
-23,-13,l+UIMFiJr9tly+rhOc/uPjdzrzs=,xr5nf4JQTB3i/w7rl1Lf/DjjAmA=
-19,-14,1Wp5bzB4zUnSRqlCchYT2+VG/Ss=,1FnBqK8VRTVvvgQSsjcPlvXUZ0A=
-18,-14,1Wp5bzB4zUnSRqlCchYT2+VG/Ss=,B5bKKEB23obIxOQos2DKeb1lS9Y=
-18,-15,1Wp5bzB4zUnSRqlCchYT2+VG/Ss=,qYXjh8qt4nu6JOMZfrDV1VjoLvY=
-19,-15,1Wp5bzB4zUnSRqlCchYT2+VG/Ss=,O2AIY4QUW3bxixezOL7Qz9aMOw0=
-21,-12,aqM18TJj0+RfXm7HVv9+xcUEHUQ=,zyiwjqkPN+LpnFe8+rli8mWqM9c=
-21,-13,aqM18TJj0+RfXm7HVv9+xcUEHUQ=,/4IBPiAnN3alSSPBdzBy/ynpfeE=
-20,-13,aqM18TJj0+RfXm7HVv9+xcUEHUQ=,1FnBqK8VRTVvvgQSsjcPlvXUZ0A=
-20,-12,aqM18TJj0+RfXm7HVv9+xcUEHUQ=,dpHpUcKX/34MLITD43aQnVv8+2E=
-20,-11,D+xZZh83FFirk42mnChWl7RPCSI=,dpHpUcKX/34MLITD43aQnVv8+2E=
-21,-10,D+xZZh83FFirk42mnChWl7RPCSI=,74t6pKXzuzd7PrrKfUg3PuYKxug=
-20,-10,D+xZZh83FFirk42mnChWl7RPCSI=,qq1kXaHyfSpgEFaoLh60gIzwiLo=
-21,-11,D+xZZh83FFirk42mnChWl7RPCSI=,zyiwjqkPN+LpnFe8+rli8mWqM9c=
-18,-12,jIValzofRpgpRxJYKChynpS/UfI=,38+h5KYT0xkRjWXyirwhz6C0tew=
-19,-12,jIValzofRpgpRxJYKChynpS/UfI=,dpHpUcKX/34MLITD43aQnVv8+2E=
-18,-13,jIValzofRpgpRxJYKChynpS/UfI=,B5bKKEB23obIxOQos2DKeb1lS9Y=
-19,-13,jIValzofRpgpRxJYKChynpS/UfI=,1FnBqK8VRTVvvgQSsjcPlvXUZ0A=
-19,-11,i+AldBSwiaKvshn2RyTBnPrC9Ak=,dpHpUcKX/34MLITD43aQnVv8+2E=
-18,-11,i+AldBSwiaKvshn2RyTBnPrC9Ak=,38+h5KYT0xkRjWXyirwhz6C0tew=
-18,-10,i+AldBSwiaKvshn2RyTBnPrC9Ak=,kYWbepr6jBWLzWjRuduQHUIBMgA=
-19,-10,elJ3RCAKSqa9ZWOBcljm0uOTdMI=,qq1kXaHyfSpgEFaoLh60gIzwiLo=
-20,-9,BnHc5GgXypqvT0zyIr3hRn5ziT0=,qq1kXaHyfSpgEFaoLh60gIzwiLo=
-21,-9,BnHc5GgXypqvT0zyIr3hRn5ziT0=,74t6pKXzuzd7PrrKfUg3PuYKxug=
-21,-8,BnHc5GgXypqvT0zyIr3hRn5ziT0=,C/XvX40H/ujm+toILhwZ+D8a/rA=
-20,-8,BnHc5GgXypqvT0zyIr3hRn5ziT0=,IGNYtEqflJ+M5Re0BtyCsVM/IWI=
-21,-7,RYwkYB9d0QCylFuPHwMY/ljaUYA=,C/XvX40H/ujm+toILhwZ+D8a/rA=
-20,-7,RYwkYB9d0QCylFuPHwMY/ljaUYA=,IGNYtEqflJ+M5Re0BtyCsVM/IWI=
-21,-6,RYwkYB9d0QCylFuPHwMY/ljaUYA=,ieLspLmRXlr4t8q6IwVtZu1QorE=
-20,-6,RYwkYB9d0QCylFuPHwMY/ljaUYA=,B9LSk2BknZeW3XqWuVotSIPzCp8=
-18,-9,+lyqLK82UunhAipXwpt4FgIjBLQ=,kYWbepr6jBWLzWjRuduQHUIBMgA=
-19,-8,+lyqLK82UunhAipXwpt4FgIjBLQ=,IGNYtEqflJ+M5Re0BtyCsVM/IWI=
-18,-8,+lyqLK82UunhAipXwpt4FgIjBLQ=,64GY7EAh8n64J4N5Fv8isFLKddE=
-19,-9,+lyqLK82UunhAipXwpt4FgIjBLQ=,qq1kXaHyfSpgEFaoLh60gIzwiLo=
-21,-3,5TKnwWI+6utsx/ROcdcSrXsYQeE=,MuYNkIqixQnYenwEGbpiyJa95eI=
-20,-4,5TKnwWI+6utsx/ROcdcSrXsYQeE=,N+h+3AR0+FjH3T6W6nt40G7+sSM=
-21,-5,5TKnwWI+6utsx/ROcdcSrXsYQeE=,ieLspLmRXlr4t8q6IwVtZu1QorE=
-20,-5,5TKnwWI+6utsx/ROcdcSrXsYQeE=,B9LSk2BknZeW3XqWuVotSIPzCp8=
-20,-3,5TKnwWI+6utsx/ROcdcSrXsYQeE=,N+h+3AR0+FjH3T6W6nt40G7+sSM=
-20,-2,5TKnwWI+6utsx/ROcdcSrXsYQeE=,59PtNFUWwOxCKG4ilD5qCXzdcfI=
-21,-2,5TKnwWI+6utsx/ROcdcSrXsYQeE=,YAzLSb+oQgZKlvzzaCsb0+oNM7Y=
-21,-4,5TKnwWI+6utsx/ROcdcSrXsYQeE=,MuYNkIqixQnYenwEGbpiyJa95eI=
-19,-7,SSaQBipUhWMRWSKHj/BV69WpDHk=,IGNYtEqflJ+M5Re0BtyCsVM/IWI=
-17,-6,SSaQBipUhWMRWSKHj/BV69WpDHk=,2Fn6JuH7H7kWkIis24JnseN/t04=
-19,-6,0Aa+uMkUMlRq8dfkjWMqyVWhCds=,B9LSk2BknZeW3XqWuVotSIPzCp8=
-18,-7,0Aa+uMkUMlRq8dfkjWMqyVWhCds=,64GY7EAh8n64J4N5Fv8isFLKddE=
-18,-6,0Aa+uMkUMlRq8dfkjWMqyVWhCds=,2Fn6JuH7H7kWkIis24JnseN/t04=
-17,-8,0Aa+uMkUMlRq8dfkjWMqyVWhCds=,64GY7EAh8n64J4N5Fv8isFLKddE=
-17,-7,0Aa+uMkUMlRq8dfkjWMqyVWhCds=,64GY7EAh8n64J4N5Fv8isFLKddE=
-17,-9,0Aa+uMkUMlRq8dfkjWMqyVWhCds=,kYWbepr6jBWLzWjRuduQHUIBMgA=
-17,-11,0Aa+uMkUMlRq8dfkjWMqyVWhCds=,38+h5KYT0xkRjWXyirwhz6C0tew=
-17,-10,0Aa+uMkUMlRq8dfkjWMqyVWhCds=,kYWbepr6jBWLzWjRuduQHUIBMgA=
-17,-13,0Aa+uMkUMlRq8dfkjWMqyVWhCds=,B5bKKEB23obIxOQos2DKeb1lS9Y=
-17,-12,0Aa+uMkUMlRq8dfkjWMqyVWhCds=,38+h5KYT0xkRjWXyirwhz6C0tew=
-17,-15,I8pjMmeLjz6k619wa9Z6iKPQqpI=,qYXjh8qt4nu6JOMZfrDV1VjoLvY=
-17,-14,I8pjMmeLjz6k619wa9Z6iKPQqpI=,B5bKKEB23obIxOQos2DKeb1lS9Y=
-21,-1,I8pjMmeLjz6k619wa9Z6iKPQqpI=,YAzLSb+oQgZKlvzzaCsb0+oNM7Y=
-20,-1,I8pjMmeLjz6k619wa9Z6iKPQqpI=,59PtNFUWwOxCKG4ilD5qCXzdcfI=
-23,-1,I8pjMmeLjz6k619wa9Z6iKPQqpI=,Hs0SfpuFF0wC1oKf7ZYzrwoGz9E=
-22,-1,I8pjMmeLjz6k619wa9Z6iKPQqpI=,YAzLSb+oQgZKlvzzaCsb0+oNM7Y=
-23,-16,I8pjMmeLjz6k619wa9Z6iKPQqpI=,yL0s83wJ41zVehAXIVQu6/75KiM=
-22,-16,I8pjMmeLjz6k619wa9Z6iKPQqpI=,MK53i6cjpkrCj/EP6uv3BMN6eKo=
-21,-16,I8pjMmeLjz6k619wa9Z6iKPQqpI=,MK53i6cjpkrCj/EP6uv3BMN6eKo=
-19,-16,I8pjMmeLjz6k619wa9Z6iKPQqpI=,O2AIY4QUW3bxixezOL7Qz9aMOw0=
-18,-16,I8pjMmeLjz6k619wa9Z6iKPQqpI=,qYXjh8qt4nu6JOMZfrDV1VjoLvY=
-20,-16,I8pjMmeLjz6k619wa9Z6iKPQqpI=,O2AIY4QUW3bxixezOL7Qz9aMOw0=
-31,-1,I8pjMmeLjz6k619wa9Z6iKPQqpI=,UUPvShFhrh9K1nX8fS4smW1qOUI=
-28,-1,I8pjMmeLjz6k619wa9Z6iKPQqpI=,F9uBRIR10ITQw4v2Fgx5Uu/KQbk=
-32,-1,I8pjMmeLjz6k619wa9Z6iKPQqpI=,UUPvShFhrh9K1nX8fS4smW1qOUI=
-17,-16,I8pjMmeLjz6k619wa9Z6iKPQqpI=,qYXjh8qt4nu6JOMZfrDV1VjoLvY=
-17,-4,8zuxX+shA4ZFUXz/QaGgXi6zUJw=,gGe9HZGBLWIzgePqwaH9y5NiU3E=
-18,-4,8zuxX+shA4ZFUXz/QaGgXi6zUJw=,gGe9HZGBLWIzgePqwaH9y5NiU3E=
-19,-4,8zuxX+shA4ZFUXz/QaGgXi6zUJw=,N+h+3AR0+FjH3T6W6nt40G7+sSM=
-18,-2,8zuxX+shA4ZFUXz/QaGgXi6zUJw=,yFfFvYIP/nXLrikJcWxhovbe8pw=
-19,-5,8zuxX+shA4ZFUXz/QaGgXi6zUJw=,B9LSk2BknZeW3XqWuVotSIPzCp8=
-18,-3,8zuxX+shA4ZFUXz/QaGgXi6zUJw=,gGe9HZGBLWIzgePqwaH9y5NiU3E=
-19,-2,8zuxX+shA4ZFUXz/QaGgXi6zUJw=,59PtNFUWwOxCKG4ilD5qCXzdcfI=
-17,-2,8zuxX+shA4ZFUXz/QaGgXi6zUJw=,yFfFvYIP/nXLrikJcWxhovbe8pw=
-18,-1,8zuxX+shA4ZFUXz/QaGgXi6zUJw=,yFfFvYIP/nXLrikJcWxhovbe8pw=
-19,-1,8zuxX+shA4ZFUXz/QaGgXi6zUJw=,59PtNFUWwOxCKG4ilD5qCXzdcfI=
-17,-5,8zuxX+shA4ZFUXz/QaGgXi6zUJw=,2Fn6JuH7H7kWkIis24JnseN/t04=
-17,-3,8zuxX+shA4ZFUXz/QaGgXi6zUJw=,gGe9HZGBLWIzgePqwaH9y5NiU3E=
-18,-5,8zuxX+shA4ZFUXz/QaGgXi6zUJw=,2Fn6JuH7H7kWkIis24JnseN/t04=
-19,-3,8zuxX+shA4ZFUXz/QaGgXi6zUJw=,N+h+3AR0+FjH3T6W6nt40G7+sSM=
-17,-1,8zuxX+shA4ZFUXz/QaGgXi6zUJw=,yFfFvYIP/nXLrikJcWxhovbe8pw=
