1,1,wZb5y6WSN3CWhA0JYrUU5cjPcWA=,YX2Xe62CpFZEG874+2iNjmpdxaE=
1,2,wZb5y6WSN3CWhA0JYrUU5cjPcWA=,ch/7hoOb+JpOKNRKAJdHCC5gCP8=
2,1,wZb5y6WSN3CWhA0JYrUU5cjPcWA=,iq/7tM2wBu5MqyiCjESmSNCl6KQ=
2,2,wZb5y6WSN3CWhA0JYrUU5cjPcWA=,Yn7H+wtcPdkCiulE6bHvFL1K+ZE=
2,4,yva938vdRLxnAOk7bSZVP84dgDs=,FGOFJG0Tw6CkX5Ab5aM4VIrgFxA=
1,3,yva938vdRLxnAOk7bSZVP84dgDs=,ch/7hoOb+JpOKNRKAJdHCC5gCP8=
1,4,yva938vdRLxnAOk7bSZVP84dgDs=,yN3ItVz+4ln1Z8LCrU4xOUxOAd0=
2,3,yva938vdRLxnAOk7bSZVP84dgDs=,Yn7H+wtcPdkCiulE6bHvFL1K+ZE=
4,3,yva938vdRLxnAOk7bSZVP84dgDs=,xTd0lW3qg95RhV9pHKfPw1GyH+c=
4,4,yva938vdRLxnAOk7bSZVP84dgDs=,mMa3hvX/se8xXY4q6V1SskVcMBA=
3,3,yva938vdRLxnAOk7bSZVP84dgDs=,Yn7H+wtcPdkCiulE6bHvFL1K+ZE=
3,4,yva938vdRLxnAOk7bSZVP84dgDs=,FGOFJG0Tw6CkX5Ab5aM4VIrgFxA=
4,6,J33hbktd3RDA78n1+tTAMuzjjA8=,+sg/iMQBx5Ajozj8FbVmkbdvCbw=
4,5,J33hbktd3RDA78n1+tTAMuzjjA8=,mMa3hvX/se8xXY4q6V1SskVcMBA=
3,5,J33hbktd3RDA78n1+tTAMuzjjA8=,FGOFJG0Tw6CkX5Ab5aM4VIrgFxA=
3,6,J33hbktd3RDA78n1+tTAMuzjjA8=,p9tI5jJ+QnOpGG7OoGKWl9MGvnI=
4,2,J33hbktd3RDA78n1+tTAMuzjjA8=,xTd0lW3qg95RhV9pHKfPw1GyH+c=
4,1,J33hbktd3RDA78n1+tTAMuzjjA8=,UMaZvQpAcS7o63bfrqllWj048bM=
3,1,J33hbktd3RDA78n1+tTAMuzjjA8=,iq/7tM2wBu5MqyiCjESmSNCl6KQ=
3,2,J33hbktd3RDA78n1+tTAMuzjjA8=,Yn7H+wtcPdkCiulE6bHvFL1K+ZE=
2,8,ardeOeH6UCnys1iTTmWe/bY1Zgk=,K8DMBn5BIWlNJVkSSQRxAnvhQfw=
1,5,ardeOeH6UCnys1iTTmWe/bY1Zgk=,yN3ItVz+4ln1Z8LCrU4xOUxOAd0=
1,7,ardeOeH6UCnys1iTTmWe/bY1Zgk=,cYOM90lg+wqVwz8dxPbghynRnBs=
1,8,ardeOeH6UCnys1iTTmWe/bY1Zgk=,jGZXoSEHdk4B+1ib12U/wfc5OSM=
1,6,ardeOeH6UCnys1iTTmWe/bY1Zgk=,cYOM90lg+wqVwz8dxPbghynRnBs=
2,5,ardeOeH6UCnys1iTTmWe/bY1Zgk=,FGOFJG0Tw6CkX5Ab5aM4VIrgFxA=
2,7,ardeOeH6UCnys1iTTmWe/bY1Zgk=,p9tI5jJ+QnOpGG7OoGKWl9MGvnI=
2,6,ardeOeH6UCnys1iTTmWe/bY1Zgk=,p9tI5jJ+QnOpGG7OoGKWl9MGvnI=
6,3,eWOkkjZnWCK7BBUOI9CEmYAr1xg=,QtiiERrQEvNz2jKEQCWlxBFraas=
6,4,eWOkkjZnWCK7BBUOI9CEmYAr1xg=,MG339UCiJnlC2JGemXvaygaI6o8=
6,1,eWOkkjZnWCK7BBUOI9CEmYAr1xg=,K4ZNxSlj5gS5d9vV/Qc/2OwIcYw=
5,3,eWOkkjZnWCK7BBUOI9CEmYAr1xg=,xTd0lW3qg95RhV9pHKfPw1GyH+c=
6,2,eWOkkjZnWCK7BBUOI9CEmYAr1xg=,QtiiERrQEvNz2jKEQCWlxBFraas=
5,4,eWOkkjZnWCK7BBUOI9CEmYAr1xg=,mMa3hvX/se8xXY4q6V1SskVcMBA=
5,2,eWOkkjZnWCK7BBUOI9CEmYAr1xg=,xTd0lW3qg95RhV9pHKfPw1GyH+c=
5,1,eWOkkjZnWCK7BBUOI9CEmYAr1xg=,UMaZvQpAcS7o63bfrqllWj048bM=
8,2,IVbc3JU6rd39EaiLvvy2e0Qq78k=,R/C9loZ8uWhmaDbpWGCFgAsscDc=
7,2,IVbc3JU6rd39EaiLvvy2e0Qq78k=,QtiiERrQEvNz2jKEQCWlxBFraas=
8,1,IVbc3JU6rd39EaiLvvy2e0Qq78k=,RvKpuN7x55pM4hOpcn3v7WGBzmw=
10,1,IVbc3JU6rd39EaiLvvy2e0Qq78k=,HzddC7aZmR8GQR07dmEzLuC3HJo=
7,1,IVbc3JU6rd39EaiLvvy2e0Qq78k=,K4ZNxSlj5gS5d9vV/Qc/2OwIcYw=
10,2,IVbc3JU6rd39EaiLvvy2e0Qq78k=,jA+C0lJ7MR1GPmJx7EdIjcXA4Y8=
9,2,cxAy2q89BvHaGHN0PKDEiKnUTsY=,R/C9loZ8uWhmaDbpWGCFgAsscDc=
9,1,cxAy2q89BvHaGHN0PKDEiKnUTsY=,RvKpuN7x55pM4hOpcn3v7WGBzmw=
10,0,cxAy2q89BvHaGHN0PKDEiKnUTsY=,HzddC7aZmR8GQR07dmEzLuC3HJo=
9,0,cxAy2q89BvHaGHN0PKDEiKnUTsY=,RvKpuN7x55pM4hOpcn3v7WGBzmw=
0,2,cxAy2q89BvHaGHN0PKDEiKnUTsY=,ch/7hoOb+JpOKNRKAJdHCC5gCP8=
0,1,cxAy2q89BvHaGHN0PKDEiKnUTsY=,YX2Xe62CpFZEG874+2iNjmpdxaE=
0,0,cxAy2q89BvHaGHN0PKDEiKnUTsY=,YX2Xe62CpFZEG874+2iNjmpdxaE=
2,0,cxAy2q89BvHaGHN0PKDEiKnUTsY=,iq/7tM2wBu5MqyiCjESmSNCl6KQ=
1,0,cxAy2q89BvHaGHN0PKDEiKnUTsY=,YX2Xe62CpFZEG874+2iNjmpdxaE=
4,0,cxAy2q89BvHaGHN0PKDEiKnUTsY=,UMaZvQpAcS7o63bfrqllWj048bM=
3,0,cxAy2q89BvHaGHN0PKDEiKnUTsY=,iq/7tM2wBu5MqyiCjESmSNCl6KQ=
12,2,cxAy2q89BvHaGHN0PKDEiKnUTsY=,RWvrGUKGr5TMbpqETkNY1Ny2bwM=
12,1,cxAy2q89BvHaGHN0PKDEiKnUTsY=,iZCObiieGU3L14NbNCMumphS+lw=
12,0,cxAy2q89BvHaGHN0PKDEiKnUTsY=,iZCObiieGU3L14NbNCMumphS+lw=
11,1,cxAy2q89BvHaGHN0PKDEiKnUTsY=,HzddC7aZmR8GQR07dmEzLuC3HJo=
11,0,cxAy2q89BvHaGHN0PKDEiKnUTsY=,HzddC7aZmR8GQR07dmEzLuC3HJo=
8,0,cxAy2q89BvHaGHN0PKDEiKnUTsY=,RvKpuN7x55pM4hOpcn3v7WGBzmw=
11,2,cxAy2q89BvHaGHN0PKDEiKnUTsY=,jA+C0lJ7MR1GPmJx7EdIjcXA4Y8=
0,4,cxAy2q89BvHaGHN0PKDEiKnUTsY=,yN3ItVz+4ln1Z8LCrU4xOUxOAd0=
7,0,cxAy2q89BvHaGHN0PKDEiKnUTsY=,K4ZNxSlj5gS5d9vV/Qc/2OwIcYw=
0,3,cxAy2q89BvHaGHN0PKDEiKnUTsY=,ch/7hoOb+JpOKNRKAJdHCC5gCP8=
6,0,cxAy2q89BvHaGHN0PKDEiKnUTsY=,K4ZNxSlj5gS5d9vV/Qc/2OwIcYw=
5,0,cxAy2q89BvHaGHN0PKDEiKnUTsY=,UMaZvQpAcS7o63bfrqllWj048bM=
0,10,fcmVrR9s8W81DCw6/xOmz4WwQZM=,nR1L5pjHSnYikNwAa6s3TPf1G6M=
0,6,fcmVrR9s8W81DCw6/xOmz4WwQZM=,cYOM90lg+wqVwz8dxPbghynRnBs=
0,9,fcmVrR9s8W81DCw6/xOmz4WwQZM=,jGZXoSEHdk4B+1ib12U/wfc5OSM=
0,8,fcmVrR9s8W81DCw6/xOmz4WwQZM=,jGZXoSEHdk4B+1ib12U/wfc5OSM=
0,5,fcmVrR9s8W81DCw6/xOmz4WwQZM=,yN3ItVz+4ln1Z8LCrU4xOUxOAd0=
0,7,fcmVrR9s8W81DCw6/xOmz4WwQZM=,cYOM90lg+wqVwz8dxPbghynRnBs=
0,12,fcmVrR9s8W81DCw6/xOmz4WwQZM=,OFirSZV1T1/w5X8O2ZVWgFJtDbo=
0,11,fcmVrR9s8W81DCw6/xOmz4WwQZM=,nR1L5pjHSnYikNwAa6s3TPf1G6M=
2,9,fcmVrR9s8W81DCw6/xOmz4WwQZM=,K8DMBn5BIWlNJVkSSQRxAnvhQfw=
2,11,fcmVrR9s8W81DCw6/xOmz4WwQZM=,izG78mYM/ZLpe7+aUggPVq8NHSY=
2,10,fcmVrR9s8W81DCw6/xOmz4WwQZM=,izG78mYM/ZLpe7+aUggPVq8NHSY=
1,12,fcmVrR9s8W81DCw6/xOmz4WwQZM=,OFirSZV1T1/w5X8O2ZVWgFJtDbo=
1,11,fcmVrR9s8W81DCw6/xOmz4WwQZM=,nR1L5pjHSnYikNwAa6s3TPf1G6M=
1,10,fcmVrR9s8W81DCw6/xOmz4WwQZM=,nR1L5pjHSnYikNwAa6s3TPf1G6M=
1,9,fcmVrR9s8W81DCw6/xOmz4WwQZM=,jGZXoSEHdk4B+1ib12U/wfc5OSM=
15,1,fcmVrR9s8W81DCw6/xOmz4WwQZM=,NjUpZ9iFAXiAqhHnFvxUDUzWh8s=
14,1,fcmVrR9s8W81DCw6/xOmz4WwQZM=,NjUpZ9iFAXiAqhHnFvxUDUzWh8s=
15,0,fcmVrR9s8W81DCw6/xOmz4WwQZM=,NjUpZ9iFAXiAqhHnFvxUDUzWh8s=
14,0,fcmVrR9s8W81DCw6/xOmz4WwQZM=,NjUpZ9iFAXiAqhHnFvxUDUzWh8s=
15,2,fcmVrR9s8W81DCw6/xOmz4WwQZM=,MxLyzB4vSrFA4FTA9ZEnikWYK0U=
14,2,fcmVrR9s8W81DCw6/xOmz4WwQZM=,MxLyzB4vSrFA4FTA9ZEnikWYK0U=
13,2,fcmVrR9s8W81DCw6/xOmz4WwQZM=,RWvrGUKGr5TMbpqETkNY1Ny2bwM=
13,1,fcmVrR9s8W81DCw6/xOmz4WwQZM=,iZCObiieGU3L14NbNCMumphS+lw=
13,0,fcmVrR9s8W81DCw6/xOmz4WwQZM=,iZCObiieGU3L14NbNCMumphS+lw=
1,15,fcmVrR9s8W81DCw6/xOmz4WwQZM=,DvS4BfJSoJtQGV4DsEgnx1Pgii8=
0,15,fcmVrR9s8W81DCw6/xOmz4WwQZM=,DvS4BfJSoJtQGV4DsEgnx1Pgii8=
1,14,fcmVrR9s8W81DCw6/xOmz4WwQZM=,DvS4BfJSoJtQGV4DsEgnx1Pgii8=
0,14,fcmVrR9s8W81DCw6/xOmz4WwQZM=,DvS4BfJSoJtQGV4DsEgnx1Pgii8=
1,13,fcmVrR9s8W81DCw6/xOmz4WwQZM=,OFirSZV1T1/w5X8O2ZVWgFJtDbo=
0,13,fcmVrR9s8W81DCw6/xOmz4WwQZM=,OFirSZV1T1/w5X8O2ZVWgFJtDbo=
10,12,7jzp1gAgoUqmQZgnBU6dRUg0Hj4=,vLF0IX9H/VwSJY34VfvONA7w/QI=
10,11,7jzp1gAgoUqmQZgnBU6dRUg0Hj4=,raAfYdUa2bHbXIkh9UPTjiVd7OY=
9,12,7jzp1gAgoUqmQZgnBU6dRUg0Hj4=,UQ+f3aeN4gqRsUbZWRFVlmdeINM=
9,11,7jzp1gAgoUqmQZgnBU6dRUg0Hj4=,Xc+Kh2DZWcaZr7srlqvWNZWsOS0=
8,14,7jzp1gAgoUqmQZgnBU6dRUg0Hj4=,qONlLEcVAkVIdFC6cjtIsNzJKF0=
8,13,7jzp1gAgoUqmQZgnBU6dRUg0Hj4=,UQ+f3aeN4gqRsUbZWRFVlmdeINM=
7,13,7jzp1gAgoUqmQZgnBU6dRUg0Hj4=,9wZhU9GalcgTroXMnv6eKW7ritw=
7,14,7jzp1gAgoUqmQZgnBU6dRUg0Hj4=,LPebWeY+nmrKEB83/0ykzEZmqc4=
8,12,1N6vR6nYXvEokc+jGsqcsnDb/bo=,UQ+f3aeN4gqRsUbZWRFVlmdeINM=
8,11,1N6vR6nYXvEokc+jGsqcsnDb/bo=,Xc+Kh2DZWcaZr7srlqvWNZWsOS0=
7,11,1N6vR6nYXvEokc+jGsqcsnDb/bo=,eBgK+lZlay6I/fHtqwciMc4P1DU=
7,12,1N6vR6nYXvEokc+jGsqcsnDb/bo=,9wZhU9GalcgTroXMnv6eKW7ritw=
14,7,1N6vR6nYXvEokc+jGsqcsnDb/bo=,+fYgposIT8lJ/Cl8Qb3+yXNRtrk=
14,8,1N6vR6nYXvEokc+jGsqcsnDb/bo=,AF6xd7R94oTNafd0Hv02eVJ09vY=
13,7,1N6vR6nYXvEokc+jGsqcsnDb/bo=,Ggz8l0XbmBTbB8GIYQCkoXHNGXA=
13,8,1N6vR6nYXvEokc+jGsqcsnDb/bo=,K0TJdergMCuxWA0OvLwu+TYMCMo=
12,11,fww6I5AxE07Y1ByBK1DFxpatz9A=,ovO6XSdcT2XRfZV5w+MO6bPTGrI=
12,12,fww6I5AxE07Y1ByBK1DFxpatz9A=,2YlgCOYSvvQ5m1OjORpyaxhk80A=
11,11,fww6I5AxE07Y1ByBK1DFxpatz9A=,raAfYdUa2bHbXIkh9UPTjiVd7OY=
11,12,fww6I5AxE07Y1ByBK1DFxpatz9A=,vLF0IX9H/VwSJY34VfvONA7w/QI=
15,7,fww6I5AxE07Y1ByBK1DFxpatz9A=,+fYgposIT8lJ/Cl8Qb3+yXNRtrk=
15,8,fww6I5AxE07Y1ByBK1DFxpatz9A=,AF6xd7R94oTNafd0Hv02eVJ09vY=
4,7,fww6I5AxE07Y1ByBK1DFxpatz9A=,+sg/iMQBx5Ajozj8FbVmkbdvCbw=
3,8,fww6I5AxE07Y1ByBK1DFxpatz9A=,K8DMBn5BIWlNJVkSSQRxAnvhQfw=
3,7,fww6I5AxE07Y1ByBK1DFxpatz9A=,p9tI5jJ+QnOpGG7OoGKWl9MGvnI=
12,3,fww6I5AxE07Y1ByBK1DFxpatz9A=,RWvrGUKGr5TMbpqETkNY1Ny2bwM=
12,6,fww6I5AxE07Y1ByBK1DFxpatz9A=,Ggz8l0XbmBTbB8GIYQCkoXHNGXA=
12,5,fww6I5AxE07Y1ByBK1DFxpatz9A=,AZHIPwT8Cu5sBzNq7jblpVeodt8=
12,4,fww6I5AxE07Y1ByBK1DFxpatz9A=,AZHIPwT8Cu5sBzNq7jblpVeodt8=
11,3,fww6I5AxE07Y1ByBK1DFxpatz9A=,jA+C0lJ7MR1GPmJx7EdIjcXA4Y8=
15,9,fww6I5AxE07Y1ByBK1DFxpatz9A=,AF6xd7R94oTNafd0Hv02eVJ09vY=
14,9,fww6I5AxE07Y1ByBK1DFxpatz9A=,AF6xd7R94oTNafd0Hv02eVJ09vY=
15,11,fww6I5AxE07Y1ByBK1DFxpatz9A=,kHbBfwGkIjXC2duvOrNkDVihcxA=
14,11,fww6I5AxE07Y1ByBK1DFxpatz9A=,kHbBfwGkIjXC2duvOrNkDVihcxA=
15,10,fww6I5AxE07Y1ByBK1DFxpatz9A=,kHbBfwGkIjXC2duvOrNkDVihcxA=
14,10,fww6I5AxE07Y1ByBK1DFxpatz9A=,kHbBfwGkIjXC2duvOrNkDVihcxA=
13,11,fww6I5AxE07Y1ByBK1DFxpatz9A=,ovO6XSdcT2XRfZV5w+MO6bPTGrI=
13,10,fww6I5AxE07Y1ByBK1DFxpatz9A=,ovO6XSdcT2XRfZV5w+MO6bPTGrI=
13,9,fww6I5AxE07Y1ByBK1DFxpatz9A=,K0TJdergMCuxWA0OvLwu+TYMCMo=
13,12,fww6I5AxE07Y1ByBK1DFxpatz9A=,2YlgCOYSvvQ5m1OjORpyaxhk80A=
3,9,fww6I5AxE07Y1ByBK1DFxpatz9A=,K8DMBn5BIWlNJVkSSQRxAnvhQfw=
3,10,fww6I5AxE07Y1ByBK1DFxpatz9A=,izG78mYM/ZLpe7+aUggPVq8NHSY=
10,3,fww6I5AxE07Y1ByBK1DFxpatz9A=,jA+C0lJ7MR1GPmJx7EdIjcXA4Y8=
9,3,fww6I5AxE07Y1ByBK1DFxpatz9A=,R/C9loZ8uWhmaDbpWGCFgAsscDc=
8,3,fww6I5AxE07Y1ByBK1DFxpatz9A=,R/C9loZ8uWhmaDbpWGCFgAsscDc=
7,3,fww6I5AxE07Y1ByBK1DFxpatz9A=,QtiiERrQEvNz2jKEQCWlxBFraas=
7,4,fww6I5AxE07Y1ByBK1DFxpatz9A=,MG339UCiJnlC2JGemXvaygaI6o8=
6,11,fww6I5AxE07Y1ByBK1DFxpatz9A=,eBgK+lZlay6I/fHtqwciMc4P1DU=
6,13,fww6I5AxE07Y1ByBK1DFxpatz9A=,9wZhU9GalcgTroXMnv6eKW7ritw=
6,12,fww6I5AxE07Y1ByBK1DFxpatz9A=,9wZhU9GalcgTroXMnv6eKW7ritw=
6,14,fww6I5AxE07Y1ByBK1DFxpatz9A=,LPebWeY+nmrKEB83/0ykzEZmqc4=
5,14,fww6I5AxE07Y1ByBK1DFxpatz9A=,VPoYqlwiSVfiSZQxZVZKskOjGjQ=
4,14,fww6I5AxE07Y1ByBK1DFxpatz9A=,VPoYqlwiSVfiSZQxZVZKskOjGjQ=
3,11,fww6I5AxE07Y1ByBK1DFxpatz9A=,izG78mYM/ZLpe7+aUggPVq8NHSY=
15,3,fww6I5AxE07Y1ByBK1DFxpatz9A=,MxLyzB4vSrFA4FTA9ZEnikWYK0U=
14,3,fww6I5AxE07Y1ByBK1DFxpatz9A=,MxLyzB4vSrFA4FTA9ZEnikWYK0U=
15,5,fww6I5AxE07Y1ByBK1DFxpatz9A=,djZTMQ5aa8UevPxrBzQoXg/QORQ=
14,5,fww6I5AxE07Y1ByBK1DFxpatz9A=,djZTMQ5aa8UevPxrBzQoXg/QORQ=
15,4,fww6I5AxE07Y1ByBK1DFxpatz9A=,djZTMQ5aa8UevPxrBzQoXg/QORQ=
14,4,fww6I5AxE07Y1ByBK1DFxpatz9A=,djZTMQ5aa8UevPxrBzQoXg/QORQ=
15,6,fww6I5AxE07Y1ByBK1DFxpatz9A=,+fYgposIT8lJ/Cl8Qb3+yXNRtrk=
14,6,fww6I5AxE07Y1ByBK1DFxpatz9A=,+fYgposIT8lJ/Cl8Qb3+yXNRtrk=
13,3,fww6I5AxE07Y1ByBK1DFxpatz9A=,RWvrGUKGr5TMbpqETkNY1Ny2bwM=
13,6,fww6I5AxE07Y1ByBK1DFxpatz9A=,Ggz8l0XbmBTbB8GIYQCkoXHNGXA=
13,5,fww6I5AxE07Y1ByBK1DFxpatz9A=,AZHIPwT8Cu5sBzNq7jblpVeodt8=
4,15,fww6I5AxE07Y1ByBK1DFxpatz9A=,VPoYqlwiSVfiSZQxZVZKskOjGjQ=
13,4,fww6I5AxE07Y1ByBK1DFxpatz9A=,AZHIPwT8Cu5sBzNq7jblpVeodt8=
10,13,fww6I5AxE07Y1ByBK1DFxpatz9A=,vLF0IX9H/VwSJY34VfvONA7w/QI=
9,14,fww6I5AxE07Y1ByBK1DFxpatz9A=,qONlLEcVAkVIdFC6cjtIsNzJKF0=
9,13,fww6I5AxE07Y1ByBK1DFxpatz9A=,UQ+f3aeN4gqRsUbZWRFVlmdeINM=
12,7,wtCpsZz0ZLAnESIhkJ1oGSiiMOQ=,Ggz8l0XbmBTbB8GIYQCkoXHNGXA=
12,10,wtCpsZz0ZLAnESIhkJ1oGSiiMOQ=,ovO6XSdcT2XRfZV5w+MO6bPTGrI=
12,9,wtCpsZz0ZLAnESIhkJ1oGSiiMOQ=,K0TJdergMCuxWA0OvLwu+TYMCMo=
12,8,wtCpsZz0ZLAnESIhkJ1oGSiiMOQ=,K0TJdergMCuxWA0OvLwu+TYMCMo=
11,10,wtCpsZz0ZLAnESIhkJ1oGSiiMOQ=,raAfYdUa2bHbXIkh9UPTjiVd7OY=
10,10,wtCpsZz0ZLAnESIhkJ1oGSiiMOQ=,raAfYdUa2bHbXIkh9UPTjiVd7OY=
9,10,wtCpsZz0ZLAnESIhkJ1oGSiiMOQ=,Xc+Kh2DZWcaZr7srlqvWNZWsOS0=
9,15,wtCpsZz0ZLAnESIhkJ1oGSiiMOQ=,qONlLEcVAkVIdFC6cjtIsNzJKF0=
8,15,wtCpsZz0ZLAnESIhkJ1oGSiiMOQ=,qONlLEcVAkVIdFC6cjtIsNzJKF0=
7,15,wtCpsZz0ZLAnESIhkJ1oGSiiMOQ=,LPebWeY+nmrKEB83/0ykzEZmqc4=
6,15,wtCpsZz0ZLAnESIhkJ1oGSiiMOQ=,LPebWeY+nmrKEB83/0ykzEZmqc4=
5,15,wtCpsZz0ZLAnESIhkJ1oGSiiMOQ=,VPoYqlwiSVfiSZQxZVZKskOjGjQ=
13,15,wtCpsZz0ZLAnESIhkJ1oGSiiMOQ=,Vxtw6b/NRT4kLqD9Mbe97gECEa0=
11,13,wtCpsZz0ZLAnESIhkJ1oGSiiMOQ=,vLF0IX9H/VwSJY34VfvONA7w/QI=
13,13,wtCpsZz0ZLAnESIhkJ1oGSiiMOQ=,2YlgCOYSvvQ5m1OjORpyaxhk80A=
12,13,wtCpsZz0ZLAnESIhkJ1oGSiiMOQ=,2YlgCOYSvvQ5m1OjORpyaxhk80A=
13,14,wtCpsZz0ZLAnESIhkJ1oGSiiMOQ=,Vxtw6b/NRT4kLqD9Mbe97gECEa0=
12,14,wtCpsZz0ZLAnESIhkJ1oGSiiMOQ=,Vxtw6b/NRT4kLqD9Mbe97gECEa0=
8,10,wtCpsZz0ZLAnESIhkJ1oGSiiMOQ=,Xc+Kh2DZWcaZr7srlqvWNZWsOS0=
7,5,wtCpsZz0ZLAnESIhkJ1oGSiiMOQ=,MG339UCiJnlC2JGemXvaygaI6o8=
12,15,wtCpsZz0ZLAnESIhkJ1oGSiiMOQ=,Vxtw6b/NRT4kLqD9Mbe97gECEa0=
5,7,wtCpsZz0ZLAnESIhkJ1oGSiiMOQ=,+sg/iMQBx5Ajozj8FbVmkbdvCbw=
6,7,wtCpsZz0ZLAnESIhkJ1oGSiiMOQ=,A1/uxisx79gL8hpihlF0XX/+w2Y=
7,7,wtCpsZz0ZLAnESIhkJ1oGSiiMOQ=,A1/uxisx79gL8hpihlF0XX/+w2Y=
6,10,wtCpsZz0ZLAnESIhkJ1oGSiiMOQ=,eBgK+lZlay6I/fHtqwciMc4P1DU=
7,10,wtCpsZz0ZLAnESIhkJ1oGSiiMOQ=,eBgK+lZlay6I/fHtqwciMc4P1DU=
7,9,wtCpsZz0ZLAnESIhkJ1oGSiiMOQ=,2OzPbYNXXMDjA/OYXFeBLvP9Ww4=
6,8,wtCpsZz0ZLAnESIhkJ1oGSiiMOQ=,2OzPbYNXXMDjA/OYXFeBLvP9Ww4=
6,5,wtCpsZz0ZLAnESIhkJ1oGSiiMOQ=,MG339UCiJnlC2JGemXvaygaI6o8=
7,6,wtCpsZz0ZLAnESIhkJ1oGSiiMOQ=,A1/uxisx79gL8hpihlF0XX/+w2Y=
6,9,wtCpsZz0ZLAnESIhkJ1oGSiiMOQ=,2OzPbYNXXMDjA/OYXFeBLvP9Ww4=
5,5,wtCpsZz0ZLAnESIhkJ1oGSiiMOQ=,mMa3hvX/se8xXY4q6V1SskVcMBA=
5,6,wtCpsZz0ZLAnESIhkJ1oGSiiMOQ=,+sg/iMQBx5Ajozj8FbVmkbdvCbw=
6,6,wtCpsZz0ZLAnESIhkJ1oGSiiMOQ=,A1/uxisx79gL8hpihlF0XX/+w2Y=
7,8,wtCpsZz0ZLAnESIhkJ1oGSiiMOQ=,2OzPbYNXXMDjA/OYXFeBLvP9Ww4=
12,20,UvRIbNVmpSOYUc2PZsFB2VTf8H8=,928yhwyZ334wUgVu+1coo+R+VFc=
12,21,UvRIbNVmpSOYUc2PZsFB2VTf8H8=,928yhwyZ334wUgVu+1coo+R+VFc=
12,19,UvRIbNVmpSOYUc2PZsFB2VTf8H8=,Kxzhq9m5zev9ngal8qlYEs3u08U=
13,21,UvRIbNVmpSOYUc2PZsFB2VTf8H8=,928yhwyZ334wUgVu+1coo+R+VFc=
12,16,+xvzdSLotAW+/83p528aZ46eCb4=,dXdEHc05DwbxhWpIuD1wi1mWO/c=
13,16,+xvzdSLotAW+/83p528aZ46eCb4=,dXdEHc05DwbxhWpIuD1wi1mWO/c=
12,17,+xvzdSLotAW+/83p528aZ46eCb4=,dXdEHc05DwbxhWpIuD1wi1mWO/c=
13,17,+xvzdSLotAW+/83p528aZ46eCb4=,dXdEHc05DwbxhWpIuD1wi1mWO/c=
12,18,+xvzdSLotAW+/83p528aZ46eCb4=,Kxzhq9m5zev9ngal8qlYEs3u08U=
13,18,+xvzdSLotAW+/83p528aZ46eCb4=,Kxzhq9m5zev9ngal8qlYEs3u08U=
13,19,+xvzdSLotAW+/83p528aZ46eCb4=,Kxzhq9m5zev9ngal8qlYEs3u08U=
13,20,+xvzdSLotAW+/83p528aZ46eCb4=,928yhwyZ334wUgVu+1coo+R+VFc=
14,20,+xvzdSLotAW+/83p528aZ46eCb4=,YNcmG4FGTErbCbo86nEWxmyfxt0=
15,20,+xvzdSLotAW+/83p528aZ46eCb4=,YNcmG4FGTErbCbo86nEWxmyfxt0=
14,21,+xvzdSLotAW+/83p528aZ46eCb4=,YNcmG4FGTErbCbo86nEWxmyfxt0=
15,21,+xvzdSLotAW+/83p528aZ46eCb4=,YNcmG4FGTErbCbo86nEWxmyfxt0=
5,16,eweeObcHJ0AmuXdC8xhg8Elxny8=,NZTACgXf/EcirzFMZtLinuTZyn8=
4,18,5FTgF/+13G50dfjrDX0CScwr49g=,gWNRYApDcbatnGDnGwf7fqd94f8=
6,16,5FTgF/+13G50dfjrDX0CScwr49g=,I/i3NzZ7as96F9PceR8NNOsMgPU=
6,18,5FTgF/+13G50dfjrDX0CScwr49g=,WSGcPLrNX6dN3qXz44sFJ52H1pY=
6,17,5FTgF/+13G50dfjrDX0CScwr49g=,I/i3NzZ7as96F9PceR8NNOsMgPU=
4,16,5FTgF/+13G50dfjrDX0CScwr49g=,NZTACgXf/EcirzFMZtLinuTZyn8=
4,17,5FTgF/+13G50dfjrDX0CScwr49g=,NZTACgXf/EcirzFMZtLinuTZyn8=
5,17,5FTgF/+13G50dfjrDX0CScwr49g=,NZTACgXf/EcirzFMZtLinuTZyn8=
5,18,5FTgF/+13G50dfjrDX0CScwr49g=,gWNRYApDcbatnGDnGwf7fqd94f8=
9,16,5FTgF/+13G50dfjrDX0CScwr49g=,Yhhr/9ybAonwZg7dF4l75Jsvo0U=
7,16,5FTgF/+13G50dfjrDX0CScwr49g=,I/i3NzZ7as96F9PceR8NNOsMgPU=
8,16,5FTgF/+13G50dfjrDX0CScwr49g=,Yhhr/9ybAonwZg7dF4l75Jsvo0U=
7,18,5FTgF/+13G50dfjrDX0CScwr49g=,WSGcPLrNX6dN3qXz44sFJ52H1pY=
8,17,5FTgF/+13G50dfjrDX0CScwr49g=,Yhhr/9ybAonwZg7dF4l75Jsvo0U=
9,17,5FTgF/+13G50dfjrDX0CScwr49g=,Yhhr/9ybAonwZg7dF4l75Jsvo0U=
7,17,5FTgF/+13G50dfjrDX0CScwr49g=,I/i3NzZ7as96F9PceR8NNOsMgPU=
7,21,5FTgF/+13G50dfjrDX0CScwr49g=,s9e3fzgFHtih+q7EWEixCdUqQUw=
7,22,5FTgF/+13G50dfjrDX0CScwr49g=,CUsqHIB3Nt+zYImdzARNlFvosbs=
7,20,5FTgF/+13G50dfjrDX0CScwr49g=,s9e3fzgFHtih+q7EWEixCdUqQUw=
7,19,5FTgF/+13G50dfjrDX0CScwr49g=,WSGcPLrNX6dN3qXz44sFJ52H1pY=
7,23,5FTgF/+13G50dfjrDX0CScwr49g=,CUsqHIB3Nt+zYImdzARNlFvosbs=
4,23,5FTgF/+13G50dfjrDX0CScwr49g=,BcFAYPvqZzPlShRAe4iFbIeXPzY=
5,23,5FTgF/+13G50dfjrDX0CScwr49g=,BcFAYPvqZzPlShRAe4iFbIeXPzY=
6,23,5FTgF/+13G50dfjrDX0CScwr49g=,CUsqHIB3Nt+zYImdzARNlFvosbs=
4,20,4D6JFKINkYT1Yqa/LPmK740q2Sc=,sewaPgbLaj+ZG6ttxlTe4KKFVs4=
6,21,4D6JFKINkYT1Yqa/LPmK740q2Sc=,s9e3fzgFHtih+q7EWEixCdUqQUw=
6,22,4D6JFKINkYT1Yqa/LPmK740q2Sc=,CUsqHIB3Nt+zYImdzARNlFvosbs=
6,19,4D6JFKINkYT1Yqa/LPmK740q2Sc=,WSGcPLrNX6dN3qXz44sFJ52H1pY=
5,20,4D6JFKINkYT1Yqa/LPmK740q2Sc=,sewaPgbLaj+ZG6ttxlTe4KKFVs4=
4,19,4D6JFKINkYT1Yqa/LPmK740q2Sc=,gWNRYApDcbatnGDnGwf7fqd94f8=
4,21,4D6JFKINkYT1Yqa/LPmK740q2Sc=,sewaPgbLaj+ZG6ttxlTe4KKFVs4=
5,22,4D6JFKINkYT1Yqa/LPmK740q2Sc=,BcFAYPvqZzPlShRAe4iFbIeXPzY=
4,22,4D6JFKINkYT1Yqa/LPmK740q2Sc=,BcFAYPvqZzPlShRAe4iFbIeXPzY=
5,19,4D6JFKINkYT1Yqa/LPmK740q2Sc=,gWNRYApDcbatnGDnGwf7fqd94f8=
6,20,4D6JFKINkYT1Yqa/LPmK740q2Sc=,s9e3fzgFHtih+q7EWEixCdUqQUw=
5,21,4D6JFKINkYT1Yqa/LPmK740q2Sc=,sewaPgbLaj+ZG6ttxlTe4KKFVs4=
21,29,t9wGLTBKK7hVpcqdLoplDpqjTuY=,R+FMVePF0I+9WNgLLSV1qHFlKC4=
20,29,t9wGLTBKK7hVpcqdLoplDpqjTuY=,R+FMVePF0I+9WNgLLSV1qHFlKC4=
19,27,t9wGLTBKK7hVpcqdLoplDpqjTuY=,3g3wDRYWLjGpRT+4cGGxkLMxYTA=
21,28,t9wGLTBKK7hVpcqdLoplDpqjTuY=,R+FMVePF0I+9WNgLLSV1qHFlKC4=
20,28,t9wGLTBKK7hVpcqdLoplDpqjTuY=,R+FMVePF0I+9WNgLLSV1qHFlKC4=
20,27,t9wGLTBKK7hVpcqdLoplDpqjTuY=,WYfo5eghUz7xdB9tj20BxYyDYWA=
21,27,t9wGLTBKK7hVpcqdLoplDpqjTuY=,WYfo5eghUz7xdB9tj20BxYyDYWA=
20,30,t9wGLTBKK7hVpcqdLoplDpqjTuY=,1m3eqk5SNdtCu/5G5rhV7thwVo4=
21,30,t9wGLTBKK7hVpcqdLoplDpqjTuY=,1m3eqk5SNdtCu/5G5rhV7thwVo4=
19,25,t9wGLTBKK7hVpcqdLoplDpqjTuY=,buABSakOHjx2VO2WIIwoy+OJ3HM=
20,26,IuNwFY5NeihiX6JrvLc96zxEkKA=,WYfo5eghUz7xdB9tj20BxYyDYWA=
18,26,IuNwFY5NeihiX6JrvLc96zxEkKA=,3g3wDRYWLjGpRT+4cGGxkLMxYTA=
17,25,IuNwFY5NeihiX6JrvLc96zxEkKA=,roQabi9v5fLrsYSSbuabA/oSqA4=
19,26,IuNwFY5NeihiX6JrvLc96zxEkKA=,3g3wDRYWLjGpRT+4cGGxkLMxYTA=
18,25,IuNwFY5NeihiX6JrvLc96zxEkKA=,buABSakOHjx2VO2WIIwoy+OJ3HM=
20,31,IuNwFY5NeihiX6JrvLc96zxEkKA=,1m3eqk5SNdtCu/5G5rhV7thwVo4=
16,20,IuNwFY5NeihiX6JrvLc96zxEkKA=,oPd0ZJmYJJuoLxunDyIELZoH+IU=
18,27,IuNwFY5NeihiX6JrvLc96zxEkKA=,3g3wDRYWLjGpRT+4cGGxkLMxYTA=
21,31,IuNwFY5NeihiX6JrvLc96zxEkKA=,1m3eqk5SNdtCu/5G5rhV7thwVo4=
17,20,IuNwFY5NeihiX6JrvLc96zxEkKA=,oPd0ZJmYJJuoLxunDyIELZoH+IU=
21,26,IuNwFY5NeihiX6JrvLc96zxEkKA=,WYfo5eghUz7xdB9tj20BxYyDYWA=
16,25,IuNwFY5NeihiX6JrvLc96zxEkKA=,roQabi9v5fLrsYSSbuabA/oSqA4=
19,24,IuNwFY5NeihiX6JrvLc96zxEkKA=,buABSakOHjx2VO2WIIwoy+OJ3HM=
16,21,IuNwFY5NeihiX6JrvLc96zxEkKA=,oPd0ZJmYJJuoLxunDyIELZoH+IU=
17,24,IuNwFY5NeihiX6JrvLc96zxEkKA=,roQabi9v5fLrsYSSbuabA/oSqA4=
16,24,IuNwFY5NeihiX6JrvLc96zxEkKA=,roQabi9v5fLrsYSSbuabA/oSqA4=
16,23,IuNwFY5NeihiX6JrvLc96zxEkKA=,3rEzqaxZraApUe3U1rHXKVKmhL0=
16,22,IuNwFY5NeihiX6JrvLc96zxEkKA=,3rEzqaxZraApUe3U1rHXKVKmhL0=
17,21,IuNwFY5NeihiX6JrvLc96zxEkKA=,oPd0ZJmYJJuoLxunDyIELZoH+IU=
17,22,IuNwFY5NeihiX6JrvLc96zxEkKA=,3rEzqaxZraApUe3U1rHXKVKmhL0=
18,24,IuNwFY5NeihiX6JrvLc96zxEkKA=,buABSakOHjx2VO2WIIwoy+OJ3HM=
17,23,IuNwFY5NeihiX6JrvLc96zxEkKA=,3rEzqaxZraApUe3U1rHXKVKmhL0=
24,12,vSh0ZSqPFJVYNVnLZ0xjm7l8kTY=,8FBNnQCld3TpapUxs3/piQaItU8=
21,12,vSh0ZSqPFJVYNVnLZ0xjm7l8kTY=,HK/BXGzmF9kQFi0uCqpfjGhD+94=
21,11,vSh0ZSqPFJVYNVnLZ0xjm7l8kTY=,Ua7F5QaowiiRh/s78ey/CDZ1LaI=
24,11,vSh0ZSqPFJVYNVnLZ0xjm7l8kTY=,n7IAvPyNpqDZ/KtxwxnapLthk2Y=
22,12,vSh0ZSqPFJVYNVnLZ0xjm7l8kTY=,zlAQqlD2RJ4MH+rhbd7RfCKay24=
23,12,RArKVT0q39YlF0Iw+TvPUr5SxnU=,zlAQqlD2RJ4MH+rhbd7RfCKay24=
23,11,RArKVT0q39YlF0Iw+TvPUr5SxnU=,vcZYkpZ89+xRjnK3A8t9jLAz7wc=
22,11,RArKVT0q39YlF0Iw+TvPUr5SxnU=,vcZYkpZ89+xRjnK3A8t9jLAz7wc=
20,11,RArKVT0q39YlF0Iw+TvPUr5SxnU=,Ua7F5QaowiiRh/s78ey/CDZ1LaI=
20,12,RArKVT0q39YlF0Iw+TvPUr5SxnU=,HK/BXGzmF9kQFi0uCqpfjGhD+94=
19,11,RArKVT0q39YlF0Iw+TvPUr5SxnU=,FoOPWae6Y9+dymQLmFmKp50NZ2E=
19,12,RArKVT0q39YlF0Iw+TvPUr5SxnU=,LqEYRuLNrL1Pind9w91dwckWhyI=
17,10,YsAfArXtaTjkAn15b9AxY2yjruA=,eZ5x4Brq93Y8D97838gvka6t0l8=
18,10,YsAfArXtaTjkAn15b9AxY2yjruA=,FoOPWae6Y9+dymQLmFmKp50NZ2E=
17,9,YsAfArXtaTjkAn15b9AxY2yjruA=,Fz96KpY6BShTbb64O0x3qlfHLG8=
18,9,YsAfArXtaTjkAn15b9AxY2yjruA=,DRYGo9kqLPAgIjn9iKDLBHNO5eo=
17,7,itBTFm7AEhx8+HDt2ryn221JkZ4=,YFHkCpB/C3k2bIJPlLHvV27Fta8=
18,8,itBTFm7AEhx8+HDt2ryn221JkZ4=,DRYGo9kqLPAgIjn9iKDLBHNO5eo=
17,8,itBTFm7AEhx8+HDt2ryn221JkZ4=,Fz96KpY6BShTbb64O0x3qlfHLG8=
18,7,itBTFm7AEhx8+HDt2ryn221JkZ4=,adKplowRIEBdWxizUZW5MBPhhJk=
18,5,itBTFm7AEhx8+HDt2ryn221JkZ4=,Ma8gDnkpyHW27ZS+dmWfdOwx+Mc=
17,6,XzmdpZAU59gv9PwMWoCSDbI4FHs=,YFHkCpB/C3k2bIJPlLHvV27Fta8=
18,6,XzmdpZAU59gv9PwMWoCSDbI4FHs=,adKplowRIEBdWxizUZW5MBPhhJk=
17,5,XzmdpZAU59gv9PwMWoCSDbI4FHs=,rSInfNE0cBN+aFKeUQPE6JXd558=
20,3,3uon8TeNhXOJ7yxkAyZofqDd6o4=,4AkaJJKY9U3Vjb79A9bmtMOMLns=
19,3,3uon8TeNhXOJ7yxkAyZofqDd6o4=,6dKiE22znCyYhjkNUH0XDVa74Rs=
20,4,3uon8TeNhXOJ7yxkAyZofqDd6o4=,uR937QElxyiLHsXEKDqQHKIbTCM=
19,4,3uon8TeNhXOJ7yxkAyZofqDd6o4=,Ma8gDnkpyHW27ZS+dmWfdOwx+Mc=
19,2,lPxqrddr6GspO8VdTXsZYnDkOG8=,6dKiE22znCyYhjkNUH0XDVa74Rs=
19,1,lPxqrddr6GspO8VdTXsZYnDkOG8=,g1M4kXMpFxzx5QNmcBvpSRk6MHA=
20,1,Xqs8SLkaw4ZPsV8IbEOzmpFGY+w=,iA35/74YZ2pesV6ITTMNE6ILIG0=
20,2,Xqs8SLkaw4ZPsV8IbEOzmpFGY+w=,4AkaJJKY9U3Vjb79A9bmtMOMLns=
21,3,qRazcmQs8rVzUZ8Tx8of6Unbcp4=,4AkaJJKY9U3Vjb79A9bmtMOMLns=
22,3,qRazcmQs8rVzUZ8Tx8of6Unbcp4=,E1q2/amDT33bwG8+7qhPK2Pem9c=
21,4,qRazcmQs8rVzUZ8Tx8of6Unbcp4=,uR937QElxyiLHsXEKDqQHKIbTCM=
22,4,qRazcmQs8rVzUZ8Tx8of6Unbcp4=,aGu5hjSahrXEzmL2AvXHKlLiapQ=
22,1,oYOWnDnfPNEzkYVjtxvYvWdPjfo=,Hq0FRW4P3DjUaU1rynGUyqQ6hkc=
22,2,oYOWnDnfPNEzkYVjtxvYvWdPjfo=,E1q2/amDT33bwG8+7qhPK2Pem9c=
21,2,oYOWnDnfPNEzkYVjtxvYvWdPjfo=,4AkaJJKY9U3Vjb79A9bmtMOMLns=
21,1,oYOWnDnfPNEzkYVjtxvYvWdPjfo=,iA35/74YZ2pesV6ITTMNE6ILIG0=
24,2,oYOWnDnfPNEzkYVjtxvYvWdPjfo=,2X3tS+XpbrbVLBjC6ilJusLTmJI=
23,2,oYOWnDnfPNEzkYVjtxvYvWdPjfo=,E1q2/amDT33bwG8+7qhPK2Pem9c=
25,2,oYOWnDnfPNEzkYVjtxvYvWdPjfo=,2X3tS+XpbrbVLBjC6ilJusLTmJI=
25,1,oYOWnDnfPNEzkYVjtxvYvWdPjfo=,7kBmaYBvlzP1GAZqPzzbAiDl1Qo=
26,1,oYOWnDnfPNEzkYVjtxvYvWdPjfo=,5QVyvtGRNlMJ/ZiOaYeeW8y/CP8=
24,1,oYOWnDnfPNEzkYVjtxvYvWdPjfo=,7kBmaYBvlzP1GAZqPzzbAiDl1Qo=
23,1,oYOWnDnfPNEzkYVjtxvYvWdPjfo=,Hq0FRW4P3DjUaU1rynGUyqQ6hkc=
28,0,dAK9R5so5Y2KudL6sKQKfKnpaNo=,JY2tGhI61lPuiRVMZu0AVnf+g2w=
27,1,dAK9R5so5Y2KudL6sKQKfKnpaNo=,5QVyvtGRNlMJ/ZiOaYeeW8y/CP8=
28,1,dAK9R5so5Y2KudL6sKQKfKnpaNo=,JY2tGhI61lPuiRVMZu0AVnf+g2w=
27,0,dAK9R5so5Y2KudL6sKQKfKnpaNo=,5QVyvtGRNlMJ/ZiOaYeeW8y/CP8=
25,0,dAK9R5so5Y2KudL6sKQKfKnpaNo=,7kBmaYBvlzP1GAZqPzzbAiDl1Qo=
26,0,dAK9R5so5Y2KudL6sKQKfKnpaNo=,5QVyvtGRNlMJ/ZiOaYeeW8y/CP8=
21,0,dAK9R5so5Y2KudL6sKQKfKnpaNo=,iA35/74YZ2pesV6ITTMNE6ILIG0=
22,0,dAK9R5so5Y2KudL6sKQKfKnpaNo=,Hq0FRW4P3DjUaU1rynGUyqQ6hkc=
24,0,dAK9R5so5Y2KudL6sKQKfKnpaNo=,7kBmaYBvlzP1GAZqPzzbAiDl1Qo=
23,0,dAK9R5so5Y2KudL6sKQKfKnpaNo=,Hq0FRW4P3DjUaU1rynGUyqQ6hkc=
20,0,dAK9R5so5Y2KudL6sKQKfKnpaNo=,iA35/74YZ2pesV6ITTMNE6ILIG0=
19,0,dAK9R5so5Y2KudL6sKQKfKnpaNo=,g1M4kXMpFxzx5QNmcBvpSRk6MHA=
19,9,dAK9R5so5Y2KudL6sKQKfKnpaNo=,DRYGo9kqLPAgIjn9iKDLBHNO5eo=
20,10,dAK9R5so5Y2KudL6sKQKfKnpaNo=,Ua7F5QaowiiRh/s78ey/CDZ1LaI=
19,10,dAK9R5so5Y2KudL6sKQKfKnpaNo=,FoOPWae6Y9+dymQLmFmKp50NZ2E=
22,10,dAK9R5so5Y2KudL6sKQKfKnpaNo=,vcZYkpZ89+xRjnK3A8t9jLAz7wc=
21,10,dAK9R5so5Y2KudL6sKQKfKnpaNo=,Ua7F5QaowiiRh/s78ey/CDZ1LaI=
24,3,dAK9R5so5Y2KudL6sKQKfKnpaNo=,2X3tS+XpbrbVLBjC6ilJusLTmJI=
23,3,dAK9R5so5Y2KudL6sKQKfKnpaNo=,E1q2/amDT33bwG8+7qhPK2Pem9c=
23,4,dAK9R5so5Y2KudL6sKQKfKnpaNo=,aGu5hjSahrXEzmL2AvXHKlLiapQ=
30,0,dAK9R5so5Y2KudL6sKQKfKnpaNo=,tuWPMruluUnabkeuvlXorpboUlw=
31,0,dAK9R5so5Y2KudL6sKQKfKnpaNo=,tuWPMruluUnabkeuvlXorpboUlw=
30,1,dAK9R5so5Y2KudL6sKQKfKnpaNo=,tuWPMruluUnabkeuvlXorpboUlw=
18,4,dAK9R5so5Y2KudL6sKQKfKnpaNo=,Ma8gDnkpyHW27ZS+dmWfdOwx+Mc=
18,3,dAK9R5so5Y2KudL6sKQKfKnpaNo=,6dKiE22znCyYhjkNUH0XDVa74Rs=
29,0,dAK9R5so5Y2KudL6sKQKfKnpaNo=,JY2tGhI61lPuiRVMZu0AVnf+g2w=
31,1,dAK9R5so5Y2KudL6sKQKfKnpaNo=,tuWPMruluUnabkeuvlXorpboUlw=
29,1,dAK9R5so5Y2KudL6sKQKfKnpaNo=,JY2tGhI61lPuiRVMZu0AVnf+g2w=
17,4,dAK9R5so5Y2KudL6sKQKfKnpaNo=,rSInfNE0cBN+aFKeUQPE6JXd558=
16,4,+UfDfO996F4GUtvSl87yIjTAjI8=,rSInfNE0cBN+aFKeUQPE6JXd558=
21,6,+UfDfO996F4GUtvSl87yIjTAjI8=,cnvfAJ3U/DFQpp+ugPa7g/zp+V0=
20,7,+UfDfO996F4GUtvSl87yIjTAjI8=,cnvfAJ3U/DFQpp+ugPa7g/zp+V0=
21,7,+UfDfO996F4GUtvSl87yIjTAjI8=,cnvfAJ3U/DFQpp+ugPa7g/zp+V0=
22,5,+UfDfO996F4GUtvSl87yIjTAjI8=,aGu5hjSahrXEzmL2AvXHKlLiapQ=
19,8,+UfDfO996F4GUtvSl87yIjTAjI8=,DRYGo9kqLPAgIjn9iKDLBHNO5eo=
20,5,+UfDfO996F4GUtvSl87yIjTAjI8=,uR937QElxyiLHsXEKDqQHKIbTCM=
21,5,+UfDfO996F4GUtvSl87yIjTAjI8=,uR937QElxyiLHsXEKDqQHKIbTCM=
19,6,+UfDfO996F4GUtvSl87yIjTAjI8=,adKplowRIEBdWxizUZW5MBPhhJk=
20,6,+UfDfO996F4GUtvSl87yIjTAjI8=,cnvfAJ3U/DFQpp+ugPa7g/zp+V0=
19,7,+UfDfO996F4GUtvSl87yIjTAjI8=,adKplowRIEBdWxizUZW5MBPhhJk=
19,5,+UfDfO996F4GUtvSl87yIjTAjI8=,Ma8gDnkpyHW27ZS+dmWfdOwx+Mc=
24,10,DDjfqpu4XWkNYEW0pT5DrXggpko=,n7IAvPyNpqDZ/KtxwxnapLthk2Y=
23,10,DDjfqpu4XWkNYEW0pT5DrXggpko=,vcZYkpZ89+xRjnK3A8t9jLAz7wc=
26,10,DDjfqpu4XWkNYEW0pT5DrXggpko=,YbO+grItGllfp8TB5m/IESOWTvU=
28,12,DDjfqpu4XWkNYEW0pT5DrXggpko=,BObDY3xgpLK9PgvN2RoC9SAP8HY=
25,10,DDjfqpu4XWkNYEW0pT5DrXggpko=,n7IAvPyNpqDZ/KtxwxnapLthk2Y=
27,10,DDjfqpu4XWkNYEW0pT5DrXggpko=,YbO+grItGllfp8TB5m/IESOWTvU=
25,12,DDjfqpu4XWkNYEW0pT5DrXggpko=,8FBNnQCld3TpapUxs3/piQaItU8=
26,11,DDjfqpu4XWkNYEW0pT5DrXggpko=,YbO+grItGllfp8TB5m/IESOWTvU=
28,10,DDjfqpu4XWkNYEW0pT5DrXggpko=,F69m/QzSFN7VkNHb5Qg50hybPv0=
26,12,DDjfqpu4XWkNYEW0pT5DrXggpko=,tZhrhOGz/jIUYOfxEYQde9VQH50=
27,12,DDjfqpu4XWkNYEW0pT5DrXggpko=,tZhrhOGz/jIUYOfxEYQde9VQH50=
18,2,DDjfqpu4XWkNYEW0pT5DrXggpko=,6dKiE22znCyYhjkNUH0XDVa74Rs=
16,0,DDjfqpu4XWkNYEW0pT5DrXggpko=,RvR4qSvETipdb7NZ8b/QDUL33yQ=
25,11,DDjfqpu4XWkNYEW0pT5DrXggpko=,n7IAvPyNpqDZ/KtxwxnapLthk2Y=
28,11,DDjfqpu4XWkNYEW0pT5DrXggpko=,F69m/QzSFN7VkNHb5Qg50hybPv0=
17,0,DDjfqpu4XWkNYEW0pT5DrXggpko=,RvR4qSvETipdb7NZ8b/QDUL33yQ=
16,1,DDjfqpu4XWkNYEW0pT5DrXggpko=,RvR4qSvETipdb7NZ8b/QDUL33yQ=
27,11,DDjfqpu4XWkNYEW0pT5DrXggpko=,YbO+grItGllfp8TB5m/IESOWTvU=
18,0,DDjfqpu4XWkNYEW0pT5DrXggpko=,g1M4kXMpFxzx5QNmcBvpSRk6MHA=
17,1,DDjfqpu4XWkNYEW0pT5DrXggpko=,RvR4qSvETipdb7NZ8b/QDUL33yQ=
29,11,DDjfqpu4XWkNYEW0pT5DrXggpko=,F69m/QzSFN7VkNHb5Qg50hybPv0=
31,11,DDjfqpu4XWkNYEW0pT5DrXggpko=,s+/M2ZK9loulvsic3rwHyv2jFPw=
29,13,DDjfqpu4XWkNYEW0pT5DrXggpko=,BObDY3xgpLK9PgvN2RoC9SAP8HY=
18,1,DDjfqpu4XWkNYEW0pT5DrXggpko=,g1M4kXMpFxzx5QNmcBvpSRk6MHA=
30,12,DDjfqpu4XWkNYEW0pT5DrXggpko=,7sciZ1W52i7wXcl5C9eKuHFQLcA=
30,11,DDjfqpu4XWkNYEW0pT5DrXggpko=,s+/M2ZK9loulvsic3rwHyv2jFPw=
31,12,DDjfqpu4XWkNYEW0pT5DrXggpko=,7sciZ1W52i7wXcl5C9eKuHFQLcA=
30,13,DDjfqpu4XWkNYEW0pT5DrXggpko=,7sciZ1W52i7wXcl5C9eKuHFQLcA=
29,12,DDjfqpu4XWkNYEW0pT5DrXggpko=,BObDY3xgpLK9PgvN2RoC9SAP8HY=
31,13,DDjfqpu4XWkNYEW0pT5DrXggpko=,7sciZ1W52i7wXcl5C9eKuHFQLcA=
28,13,DDjfqpu4XWkNYEW0pT5DrXggpko=,BObDY3xgpLK9PgvN2RoC9SAP8HY=
27,13,DDjfqpu4XWkNYEW0pT5DrXggpko=,tZhrhOGz/jIUYOfxEYQde9VQH50=
25,13,DDjfqpu4XWkNYEW0pT5DrXggpko=,8FBNnQCld3TpapUxs3/piQaItU8=
26,13,DDjfqpu4XWkNYEW0pT5DrXggpko=,tZhrhOGz/jIUYOfxEYQde9VQH50=
23,13,DDjfqpu4XWkNYEW0pT5DrXggpko=,zlAQqlD2RJ4MH+rhbd7RfCKay24=
24,13,DDjfqpu4XWkNYEW0pT5DrXggpko=,8FBNnQCld3TpapUxs3/piQaItU8=
30,10,DDjfqpu4XWkNYEW0pT5DrXggpko=,s+/M2ZK9loulvsic3rwHyv2jFPw=
29,10,DDjfqpu4XWkNYEW0pT5DrXggpko=,F69m/QzSFN7VkNHb5Qg50hybPv0=
25,3,DDjfqpu4XWkNYEW0pT5DrXggpko=,2X3tS+XpbrbVLBjC6ilJusLTmJI=
22,13,DDjfqpu4XWkNYEW0pT5DrXggpko=,zlAQqlD2RJ4MH+rhbd7RfCKay24=
20,13,DDjfqpu4XWkNYEW0pT5DrXggpko=,HK/BXGzmF9kQFi0uCqpfjGhD+94=
17,11,DDjfqpu4XWkNYEW0pT5DrXggpko=,eZ5x4Brq93Y8D97838gvka6t0l8=
16,6,DDjfqpu4XWkNYEW0pT5DrXggpko=,YFHkCpB/C3k2bIJPlLHvV27Fta8=
16,7,DDjfqpu4XWkNYEW0pT5DrXggpko=,YFHkCpB/C3k2bIJPlLHvV27Fta8=
16,8,DDjfqpu4XWkNYEW0pT5DrXggpko=,Fz96KpY6BShTbb64O0x3qlfHLG8=
16,5,DDjfqpu4XWkNYEW0pT5DrXggpko=,rSInfNE0cBN+aFKeUQPE6JXd558=
19,13,DDjfqpu4XWkNYEW0pT5DrXggpko=,LqEYRuLNrL1Pind9w91dwckWhyI=
21,13,DDjfqpu4XWkNYEW0pT5DrXggpko=,HK/BXGzmF9kQFi0uCqpfjGhD+94=
18,11,DDjfqpu4XWkNYEW0pT5DrXggpko=,FoOPWae6Y9+dymQLmFmKp50NZ2E=
18,12,DDjfqpu4XWkNYEW0pT5DrXggpko=,LqEYRuLNrL1Pind9w91dwckWhyI=
16,11,DDjfqpu4XWkNYEW0pT5DrXggpko=,eZ5x4Brq93Y8D97838gvka6t0l8=
16,9,DDjfqpu4XWkNYEW0pT5DrXggpko=,Fz96KpY6BShTbb64O0x3qlfHLG8=
16,10,DDjfqpu4XWkNYEW0pT5DrXggpko=,eZ5x4Brq93Y8D97838gvka6t0l8=
18,13,DDjfqpu4XWkNYEW0pT5DrXggpko=,LqEYRuLNrL1Pind9w91dwckWhyI=
23,5,DDjfqpu4XWkNYEW0pT5DrXggpko=,aGu5hjSahrXEzmL2AvXHKlLiapQ=
31,10,DDjfqpu4XWkNYEW0pT5DrXggpko=,s+/M2ZK9loulvsic3rwHyv2jFPw=
